날짜,종가,오픈,고가,저가,거래량,변동 %
2023-01-27,"4,178.01","4,177.26","4,188.71","4,154.53",27.71M,0.10%
2023-01-26,"4,173.98","4,156.51","4,183.56","4,156.51",32.65M,0.62%
2023-01-25,"4,148.11","4,153.63","4,158.77","4,116.99",26.03M,-0.12%
2023-01-24,"4,153.02","4,154.26","4,167.02","4,132.24",25.72M,0.05%
2023-01-23,"4,150.82","4,121.97","4,157.13","4,121.97",27.75M,0.75%
2023-01-20,"4,119.90","4,101.64","4,126.17","4,100.17",36.59M,0.63%
2023-01-19,"4,094.28","4,156.10","4,158.57","4,092.57",35.79M,-1.92%
2023-01-18,"4,174.34","4,171.03","4,197.47","4,171.03",29.03M,0.00%
2023-01-17,"4,174.33","4,153.93","4,193.30","4,142.29",31.15M,0.42%
2023-01-16,"4,157.00","4,155.74","4,162.51","4,145.27",20.97M,0.15%
2023-01-13,"4,150.80","4,129.11","4,160.97","4,129.11",31.28M,0.58%
2023-01-12,"4,126.68","4,104.14","4,144.37","4,104.14",32.44M,0.66%
2023-01-11,"4,099.76","4,062.38","4,107.81","4,062.38",30.66M,1.04%
2023-01-10,"4,057.46","4,052.62","4,063.29","4,042.42",26.65M,-0.27%
2023-01-09,"4,068.62","4,027.51","4,080.55","4,025.16",32.74M,1.26%
2023-01-06,"4,017.83","3,959.96","4,017.85","3,951.93",28.23M,1.47%
2023-01-05,"3,959.48","3,967.01","3,974.61","3,950.42",26.93M,-0.36%
2023-01-04,"3,973.97","3,891.04","3,975.50","3,891.04",39.91M,2.36%
2023-01-03,"3,882.29","3,852.07","3,921.37","3,852.07",33.16M,0.68%
2023-01-02,"3,856.09","3,802.51","3,860.74","3,802.51",19.04M,1.65%
2022-12-30,"3,793.62","3,845.92","3,845.92","3,792.09",16.36M,-1.47%
2022-12-29,"3,850.07","3,803.24","3,851.39","3,793.25",17.58M,1.08%
2022-12-28,"3,808.82","3,833.45","3,842.22","3,805.94",13.85M,-0.63%
2022-12-27,"3,832.89","3,826.99","3,854.61","3,826.99",12.77M,0.42%
2022-12-23,"3,817.01","3,823.70","3,833.61","3,798.74",14.82M,-0.16%
2022-12-22,"3,823.29","3,870.98","3,889.70","3,817.49",20.22M,-1.26%
2022-12-21,"3,872.15","3,810.87","3,874.36","3,810.87",25.09M,1.83%
2022-12-20,"3,802.49","3,790.58","3,816.90","3,767.26",28.10M,-0.23%
2022-12-19,"3,811.24","3,808.53","3,835.63","3,808.53",22.54M,0.19%
2022-12-16,"3,804.02","3,831.00","3,837.77","3,783.94",72.87M,-0.83%
2022-12-15,"3,835.70","3,950.02","3,950.02","3,831.21",49.10M,-3.51%
2022-12-14,"3,975.26","3,980.71","3,980.71","3,955.15",26.72M,-0.29%
2022-12-13,"3,986.83","3,926.36","4,035.15","3,923.93",33.65M,1.66%
2022-12-12,"3,921.82","3,931.59","3,936.11","3,911.67",20.95M,-0.53%
2022-12-09,"3,942.62","3,926.59","3,946.50","3,905.94",26.35M,0.54%
2022-12-08,"3,921.27","3,926.17","3,931.08","3,903.93",19.98M,0.01%
2022-12-07,"3,920.90","3,929.71","3,944.03","3,911.46",25.63M,-0.46%
2022-12-06,"3,939.19","3,953.50","3,963.51","3,924.65",26.96M,-0.44%
2022-12-05,"3,956.53","3,973.45","3,977.73","3,950.31",20.32M,-0.54%
2022-12-02,"3,977.90","3,974.16","3,996.57","3,940.52",28.79M,-0.17%
2022-12-01,"3,984.50","3,970.68","4,004.19","3,968.89",35.84M,0.50%
2022-11-30,"3,964.72","3,945.71","3,972.69","3,943.46",54.93M,0.77%
2022-11-29,"3,934.44","3,941.55","3,953.98","3,924.56",26.49M,-0.03%
2022-11-28,"3,935.51","3,952.71","3,957.56","3,925.13",26.03M,-0.68%
2022-11-25,"3,962.41","3,962.26","3,975.17","3,951.64",22.53M,0.01%
2022-11-24,"3,961.99","3,948.78","3,976.43","3,947.16",21.29M,0.39%
2022-11-23,"3,946.44","3,938.57","3,950.14","3,925.37",28.05M,0.42%
2022-11-22,"3,929.90","3,903.80","3,935.55","3,901.14",32.16M,0.53%
2022-11-21,"3,909.28","3,915.66","3,921.95","3,896.71",,-0.40%
2022-11-18,"3,924.84","3,889.56","3,940.94","3,889.56",43.43M,1.20%
2022-11-17,"3,878.42","3,890.17","3,910.17","3,842.87",32.44M,-0.11%
2022-11-16,"3,882.78","3,911.68","3,918.97","3,873.34",29.79M,-0.83%
2022-11-15,"3,915.09","3,896.29","3,932.23","3,889.25",31.09M,0.71%
2022-11-14,"3,887.51","3,873.51","3,915.67","3,872.21",27.38M,0.49%
2022-11-11,"3,868.50","3,873.07","3,890.25","3,859.50",38.27M,0.57%
2022-11-10,"3,846.56","3,717.69","3,849.14","3,706.79",44.83M,3.18%
2022-11-09,"3,728.03","3,735.47","3,739.65","3,708.51",30.77M,-0.30%
2022-11-08,"3,739.28","3,704.20","3,741.29","3,695.17",27.40M,0.82%
2022-11-07,"3,708.80","3,682.46","3,719.21","3,667.98",34.45M,0.55%
2022-11-04,"3,688.33","3,601.92","3,711.21","3,601.92",50.02M,2.65%
2022-11-03,"3,593.18","3,596.07","3,597.58","3,563.42",28.57M,-0.80%
2022-11-02,"3,622.01","3,653.42","3,675.66","3,621.18",29.43M,-0.79%
2022-11-01,"3,651.02","3,628.60","3,680.24","3,628.60",27.27M,0.93%
2022-10-31,"3,617.54","3,622.55","3,631.23","3,606.97",29.74M,0.13%
2022-10-28,"3,613.02","3,594.60","3,615.91","3,558.55",29.71M,0.24%
2022-10-27,"3,604.51","3,604.95","3,618.73","3,565.36",38.26M,-0.02%
2022-10-26,"3,605.31","3,586.47","3,609.72","3,560.43",31.45M,0.55%
2022-10-25,"3,585.58","3,536.92","3,585.58","3,511.52",29.93M,1.64%
2022-10-24,"3,527.79","3,488.78","3,552.74","3,473.21",31.33M,1.47%
2022-10-21,"3,476.63","3,477.27","3,488.01","3,422.93",38.82M,-0.46%
2022-10-20,"3,492.85","3,467.57","3,501.58","3,451.75",29.62M,0.62%
2022-10-19,"3,471.24","3,466.71","3,498.20","3,458.17",23.23M,0.21%
2022-10-18,"3,463.83","3,449.95","3,511.06","3,449.95",32.67M,0.64%
2022-10-17,"3,441.64","3,382.12","3,456.81","3,369.55",26.49M,1.77%
2022-10-14,"3,381.73","3,371.71","3,452.99","3,371.71",34.86M,0.57%
2022-10-13,"3,362.40","3,321.18","3,373.11","3,256.32",35.40M,0.93%
2022-10-12,"3,331.53","3,339.50","3,365.85","3,315.54",27.90M,-0.26%
2022-10-11,"3,340.35","3,352.54","3,356.41","3,310.41",28.87M,-0.49%
2022-10-10,"3,356.88","3,367.86","3,389.94","3,338.36",24.64M,-0.55%
2022-10-07,"3,375.46","3,419.31","3,434.13","3,373.65",28.23M,-1.69%
2022-10-06,"3,433.45","3,455.28","3,476.67","3,419.80",26.75M,-0.41%
2022-10-05,"3,447.72","3,479.24","3,480.45","3,427.70",30.01M,-1.05%
2022-10-04,"3,484.48","3,359.71","3,484.48","3,359.71",37.03M,4.26%
2022-10-03,"3,342.17","3,309.02","3,348.45","3,259.75",31.50M,0.72%
2022-09-30,"3,318.20","3,282.00","3,324.24","3,279.98",39.52M,1.19%
2022-09-29,"3,279.04","3,332.80","3,332.80","3,249.57",40.55M,-1.69%
2022-09-28,"3,335.30","3,322.59","3,339.55","3,259.33",43.67M,0.20%
2022-09-27,"3,328.65","3,349.94","3,396.08","3,328.65",38.82M,-0.42%
2022-09-26,"3,342.56","3,343.20","3,377.61","3,325.20",32.22M,-0.18%
2022-09-23,"3,348.60","3,427.14","3,427.14","3,330.10",37.88M,-2.29%
2022-09-22,"3,427.14","3,476.23","3,494.38","3,427.06",29.85M,-1.85%
2022-09-21,"3,491.87","3,461.30","3,494.41","3,425.70",28.27M,0.71%
2022-09-20,"3,467.09","3,500.42","3,537.91","3,459.94",35.42M,-0.93%
2022-09-19,"3,499.49","3,499.78","3,520.11","3,451.51",24.09M,-0.03%
2022-09-16,"3,500.41","3,532.20","3,532.20","3,482.40",64.57M,-1.17%
2022-09-15,"3,541.79","3,566.47","3,586.36","3,532.08",42.87M,-0.72%
2022-09-14,"3,567.56","3,583.88","3,591.37","3,545.80",29.90M,-0.52%
2022-09-13,"3,586.18","3,649.24","3,683.02","3,586.08",34.99M,-1.65%
2022-09-12,"3,646.51","3,579.18","3,657.23","3,579.18",36.11M,2.14%
2022-09-09,"3,570.04","3,512.71","3,581.57","3,512.71",36.56M,1.64%
2022-09-08,"3,512.38","3,510.91","3,524.64","3,454.60",34.83M,0.29%
2022-09-07,"3,502.09","3,495.02","3,510.90","3,462.86",28.57M,0.06%
2022-09-06,"3,500.14","3,490.16","3,521.10","3,471.89",25.36M,0.29%
2022-09-05,"3,490.01","3,532.77","3,532.77","3,445.84",26.17M,-1.53%
2022-09-02,"3,544.38","3,466.66","3,548.85","3,466.66",29.98M,2.54%
2022-09-01,"3,456.70","3,514.49","3,514.49","3,448.49",27.77M,-1.72%
2022-08-31,"3,517.25","3,571.97","3,583.05","3,517.25",41.30M,-1.25%
2022-08-30,"3,561.92","3,576.89","3,629.50","3,545.92",30.13M,-0.24%
2022-08-29,"3,570.51","3,600.48","3,600.48","3,537.24",23.78M,-0.92%
2022-08-26,"3,603.68","3,682.02","3,706.49","3,593.48",32.30M,-1.93%
2022-08-25,"3,674.54","3,670.57","3,703.52","3,659.75",28.98M,0.19%
2022-08-24,"3,667.46","3,651.05","3,672.79","3,626.41",22.41M,0.41%
2022-08-23,"3,652.52","3,654.04","3,674.73","3,635.27",29.74M,-0.16%
2022-08-22,"3,658.22","3,724.14","3,724.14","3,643.72",31.46M,-1.93%
2022-08-19,"3,730.32","3,772.25","3,772.25","3,725.55",31.65M,-1.25%
2022-08-18,"3,777.38","3,755.85","3,779.77","3,748.89",21.45M,0.57%
2022-08-17,"3,756.06","3,806.93","3,813.04","3,751.57",25.85M,-1.29%
2022-08-16,"3,805.22","3,796.04","3,819.12","3,786.59",23.98M,0.41%
2022-08-15,"3,789.62","3,782.19","3,794.90","3,763.03",21.43M,0.34%
2022-08-12,"3,776.81","3,760.58","3,784.19","3,756.19",26.90M,0.53%
2022-08-11,"3,757.05","3,761.45","3,771.20","3,741.25",23.95M,0.21%
2022-08-10,"3,749.35","3,714.40","3,757.89","3,694.88",25.96M,0.91%
2022-08-09,"3,715.37","3,752.26","3,755.32","3,711.55",22.62M,-1.11%
2022-08-08,"3,757.22","3,737.31","3,778.99","3,737.31",24.56M,0.85%
2022-08-05,"3,725.39","3,751.51","3,757.48","3,716.39",29.12M,-0.78%
2022-08-04,"3,754.60","3,733.52","3,781.57","3,733.52",31.19M,0.59%
2022-08-03,"3,732.54","3,687.99","3,734.79","3,681.89",29.49M,1.30%
2022-08-02,"3,684.63","3,701.63","3,701.63","3,664.28",29.91M,-0.59%
2022-08-01,"3,706.62","3,705.76","3,730.98","3,699.77",29.98M,-0.04%
2022-07-29,"3,708.10","3,662.70","3,720.16","3,662.70",47.39M,1.53%
2022-07-28,"3,652.20","3,623.29","3,652.87","3,594.58",39.51M,1.23%
2022-07-27,"3,607.78","3,583.39","3,617.50","3,583.39",28.85M,0.91%
2022-07-26,"3,575.36","3,602.01","3,604.37","3,571.84",26.05M,-0.80%
2022-07-25,"3,604.16","3,592.33","3,619.52","3,572.75",28.37M,0.21%
2022-07-22,"3,596.49","3,589.96","3,625.16","3,577.81",37.70M,0.00%
2022-07-21,"3,596.51","3,581.72","3,611.10","3,554.69",50.38M,0.31%
2022-07-20,"3,585.24","3,583.86","3,605.32","3,546.46",40.31M,-0.06%
2022-07-19,"3,587.44","3,498.43","3,593.78","3,473.64",38.04M,2.15%
2022-07-18,"3,511.86","3,480.36","3,532.61","3,480.36",33.83M,1.00%
2022-07-15,"3,477.20","3,402.68","3,480.85","3,394.02",42.29M,2.37%
2022-07-14,"3,396.61","3,449.34","3,454.26","3,372.12",44.51M,-1.66%
2022-07-13,"3,453.97","3,481.82","3,481.82","3,409.54",30.82M,-0.95%
2022-07-12,"3,487.05","3,457.15","3,489.37","3,425.59",43.01M,0.44%
2022-07-11,"3,471.69","3,485.00","3,492.11","3,440.14",25.93M,-0.99%
2022-07-08,"3,506.55","3,484.71","3,510.86","3,454.51",30.50M,0.52%
2022-07-07,"3,488.50","3,443.25","3,493.94","3,443.25",37.43M,1.95%
2022-07-06,"3,421.84","3,368.51","3,438.96","3,368.51",37.70M,1.85%
2022-07-05,"3,359.83","3,464.39","3,477.04","3,357.06",40.51M,-2.68%
2022-07-04,"3,452.42","3,458.99","3,476.63","3,445.39",28.14M,0.12%
2022-07-01,"3,448.31","3,450.62","3,471.25","3,405.44",34.14M,-0.19%
2022-06-30,"3,454.86","3,501.20","3,501.20","3,414.74",47.87M,-1.69%
2022-06-29,"3,514.32","3,534.82","3,534.82","3,495.18",27.09M,-0.99%
2022-06-28,"3,549.29","3,545.92","3,583.46","3,545.89",28.20M,0.29%
2022-06-27,"3,538.88","3,537.86","3,595.67","3,523.97",33.20M,0.16%
2022-06-24,"3,533.17","3,443.28","3,538.94","3,443.28",33.37M,2.82%
2022-06-23,"3,436.29","3,456.35","3,481.85","3,411.83",39.57M,-0.82%
2022-06-22,"3,464.64","3,494.00","3,494.00","3,413.04",31.50M,-0.84%
2022-06-21,"3,494.00","3,469.83","3,524.24","3,469.83",28.68M,0.70%
2022-06-20,"3,469.83","3,443.25","3,469.85","3,429.40",27.03M,0.91%
2022-06-17,"3,438.46","3,433.56","3,485.94","3,422.78",73.48M,0.31%
2022-06-16,"3,427.91","3,528.11","3,528.11","3,420.65",40.20M,-2.96%
2022-06-15,"3,532.32","3,496.28","3,549.27","3,487.44",42.38M,1.64%
2022-06-14,"3,475.18","3,512.04","3,540.87","3,466.69",35.90M,-0.78%
2022-06-13,"3,502.50","3,581.87","3,581.87","3,494.31",48.85M,-2.69%
2022-06-10,"3,599.20","3,716.56","3,716.56","3,596.64",57.00M,-3.36%
2022-06-09,"3,724.45","3,780.03","3,788.97","3,719.52",32.69M,-1.70%
2022-06-08,"3,788.93","3,815.77","3,823.98","3,768.43",27.01M,-0.47%
2022-06-07,"3,806.74","3,830.21","3,830.21","3,783.35",22.61M,-0.83%
2022-06-06,"3,838.42","3,793.07","3,857.27","3,793.07",22.41M,1.45%
2022-06-03,"3,783.66","3,813.29","3,822.37","3,777.47",20.35M,-0.30%
2022-06-02,"3,795.13","3,761.19","3,799.18","3,761.19",18.42M,0.95%
2022-06-01,"3,759.54","3,800.10","3,813.04","3,755.06",29.50M,-0.78%
2022-05-31,"3,789.21","3,833.03","3,833.73","3,780.41",53.94M,-1.36%
2022-05-30,"3,841.62","3,817.71","3,852.68","3,817.71",25.41M,0.86%
2022-05-27,"3,808.86","3,744.63","3,808.86","3,744.63",27.51M,1.83%
2022-05-26,"3,740.31","3,675.24","3,747.41","3,675.24",26.88M,1.72%
2022-05-25,"3,677.10","3,652.39","3,690.82","3,633.78",32.82M,0.81%
2022-05-24,"3,647.56","3,700.12","3,700.12","3,645.51",31.89M,-1.64%
2022-05-23,"3,708.39","3,669.53","3,708.39","3,653.14",31.08M,1.40%
2022-05-20,"3,657.03","3,650.09","3,710.67","3,645.77",37.52M,0.45%
2022-05-19,"3,640.55","3,662.53","3,662.53","3,592.01",32.44M,-1.36%
2022-05-18,"3,690.74","3,745.24","3,752.29","3,684.36",27.47M,-1.36%
2022-05-17,"3,741.51","3,696.01","3,752.14","3,696.01",29.25M,1.52%
2022-05-16,"3,685.34","3,695.78","3,705.23","3,660.19",25.62M,-0.49%
2022-05-13,"3,703.42","3,628.25","3,703.42","3,628.25",30.82M,2.49%
2022-05-12,"3,613.43","3,617.71","3,637.62","3,544.56",37.61M,-0.94%
2022-05-11,"3,647.87","3,575.16","3,647.87","3,553.72",40.40M,2.62%
2022-05-10,"3,554.80","3,537.66","3,611.08","3,537.66",36.98M,0.79%
2022-05-09,"3,526.86","3,618.45","3,628.25","3,526.86",34.33M,-2.82%
2022-05-06,"3,629.17","3,678.85","3,678.85","3,602.77",47.21M,-1.82%
2022-05-05,"3,696.63","3,744.91","3,814.11","3,684.45",41.08M,-0.76%
2022-05-04,"3,724.99","3,758.44","3,767.66","3,724.95",26.73M,-0.96%
2022-05-03,"3,761.19","3,738.49","3,773.30","3,727.52",32.00M,0.77%
2022-05-02,"3,732.44","3,772.91","3,772.91","3,692.82",29.91M,-1.85%
2022-04-29,"3,802.86","3,785.58","3,833.89","3,785.58",35.63M,0.68%
2022-04-28,"3,777.02","3,750.21","3,809.24","3,731.95",34.55M,1.13%
2022-04-27,"3,734.64","3,719.35","3,748.97","3,675.54",44.56M,0.36%
2022-04-26,"3,721.36","3,769.66","3,804.96","3,717.98",43.59M,-0.96%
2022-04-25,"3,757.59","3,826.96","3,826.96","3,739.67",,-2.15%
2022-04-22,"3,840.01","3,905.80","3,905.80","3,838.19",36.31M,-2.24%
2022-04-21,"3,928.03","3,901.33","3,954.30","3,897.46",28.25M,0.80%
2022-04-20,"3,896.81","3,835.16","3,905.75","3,833.46",33.04M,1.72%
2022-04-19,"3,830.76","3,842.07","3,848.63","3,793.47",27.12M,-0.47%
2022-04-14,"3,848.68","3,834.33","3,859.59","3,823.85",31.41M,0.54%
2022-04-13,"3,827.96","3,827.47","3,833.98","3,788.87",27.16M,-0.09%
2022-04-12,"3,831.47","3,818.76","3,853.23","3,763.32",33.59M,-0.21%
2022-04-11,"3,839.62","3,845.70","3,870.06","3,813.16",28.85M,-0.49%
2022-04-08,"3,858.37","3,812.08","3,872.59","3,812.08",32.21M,1.48%
2022-04-07,"3,802.01","3,836.46","3,874.29","3,797.60",34.69M,-0.59%
2022-04-06,"3,824.69","3,915.53","3,915.53","3,792.56",46.12M,-2.38%
2022-04-05,"3,917.85","3,952.58","3,969.04","3,896.62",33.32M,-0.84%
2022-04-04,"3,951.12","3,925.27","3,956.59","3,891.00",26.73M,0.83%
2022-04-01,"3,918.68","3,906.57","3,935.73","3,895.70",28.15M,0.41%
2022-03-31,"3,902.52","3,964.01","3,979.70","3,902.52",35.96M,-1.43%
2022-03-30,"3,959.14","3,997.46","3,997.46","3,942.81",34.14M,-1.08%
2022-03-29,"4,002.18","3,906.47","4,024.89","3,906.47",50.86M,2.96%
2022-03-28,"3,887.10","3,870.33","3,946.78","3,870.33",33.83M,0.50%
2022-03-25,"3,867.73","3,871.34","3,903.94","3,853.35",28.93M,0.11%
2022-03-24,"3,863.39","3,874.32","3,892.91","3,845.44",31.64M,-0.15%
2022-03-23,"3,869.22","3,934.13","3,937.81","3,853.54",34.11M,-1.45%
2022-03-22,"3,926.12","3,886.26","3,935.45","3,886.26",32.18M,1.14%
2022-03-21,"3,881.80","3,900.84","3,914.08","3,877.59",30.43M,-0.53%
2022-03-18,"3,902.44","3,886.49","3,902.44","3,824.02",63.14M,0.44%
2022-03-17,"3,885.32","3,901.70","3,913.72","3,843.10",47.89M,-0.11%
2022-03-16,"3,889.69","3,766.79","3,929.96","3,766.79",64.06M,4.05%
2022-03-15,"3,738.11","3,723.23","3,753.26","3,641.50",43.61M,-0.08%
2022-03-14,"3,741.10","3,694.76","3,789.58","3,694.76",41.81M,1.47%
2022-03-11,"3,686.78","3,657.37","3,801.48","3,630.28",56.51M,0.97%
2022-03-10,"3,651.39","3,764.64","3,764.64","3,627.13",61.01M,-3.04%
2022-03-09,"3,766.02","3,548.49","3,766.02","3,548.49",75.63M,7.44%
2022-03-08,"3,505.29","3,489.16","3,610.95","3,469.20",71.84M,-0.20%
2022-03-07,"3,512.22","3,529.57","3,599.93","3,387.00",82.26M,-1.23%
2022-03-04,"3,556.01","3,723.97","3,723.97","3,556.01",74.42M,-4.96%
2022-03-03,"3,741.78","3,819.14","3,841.92","3,731.35",50.89M,-2.06%
2022-03-02,"3,820.59","3,755.27","3,849.72","3,720.72",67.45M,1.45%
2022-03-01,"3,765.85","3,920.03","3,923.75","3,765.85",71.93M,-4.04%
2022-02-28,"3,924.23","3,940.99","3,940.99","3,825.08",77.05M,-1.17%
2022-02-25,"3,970.69","3,836.85","3,970.83","3,829.28",66.18M,3.69%
2022-02-24,"3,829.29","3,939.51","3,939.51","3,765.42",88.82M,-3.63%
2022-02-23,"3,973.41","3,991.66","4,054.17","3,962.79",32.53M,-0.30%
2022-02-22,"3,985.47","3,960.20","4,016.46","3,894.99",43.50M,-0.01%
2022-02-21,"3,985.71","4,090.71","4,104.63","3,957.20",29.69M,-2.17%
2022-02-18,"4,074.28","4,107.72","4,128.73","4,054.72",32.43M,-0.95%
2022-02-17,"4,113.19","4,139.88","4,158.44","4,092.79",32.11M,-0.58%
2022-02-16,"4,137.22","4,149.56","4,180.32","4,117.17",31.01M,-0.16%
2022-02-15,"4,143.71","4,059.25","4,143.71","4,043.57",38.91M,1.95%
2022-02-14,"4,064.45","4,125.31","4,125.31","4,002.91",53.34M,-2.18%
2022-02-11,"4,155.23","4,170.73","4,177.91","4,133.35",39.79M,-1.00%
2022-02-10,"4,197.07","4,208.20","4,239.61","4,169.84",46.95M,-0.17%
2022-02-09,"4,204.09","4,140.41","4,208.76","4,140.41",45.88M,1.81%
2022-02-08,"4,129.25","4,117.21","4,156.17","4,103.63",39.83M,0.21%
2022-02-07,"4,120.56","4,101.89","4,131.84","4,074.86",38.51M,0.83%
2022-02-04,"4,086.58","4,154.75","4,167.87","4,067.51",47.41M,-1.31%
2022-02-03,"4,141.02","4,215.41","4,215.41","4,141.02",47.35M,-1.92%
2022-02-02,"4,222.05","4,242.74","4,259.28","4,222.05",37.64M,-0.06%
2022-02-01,"4,224.45","4,184.63","4,232.44","4,184.63",33.00M,1.19%
2022-01-31,"4,174.60","4,161.77","4,200.83","4,134.07",39.62M,0.91%
2022-01-28,"4,136.91","4,174.57","4,181.23","4,071.71",35.33M,-1.15%
2022-01-27,"4,184.97","4,144.78","4,204.86","4,088.91",42.38M,0.49%
2022-01-26,"4,164.60","4,096.51","4,188.17","4,096.51",36.43M,2.12%
2022-01-25,"4,078.26","4,078.81","4,112.25","4,039.52",33.49M,0.59%
2022-01-24,"4,054.36","4,213.83","4,224.47","4,035.28",45.81M,-4.14%
2022-01-21,"4,229.56","4,278.18","4,278.18","4,188.93",43.75M,-1.63%
2022-01-20,"4,299.61","4,271.25","4,300.64","4,248.01",31.73M,0.73%
2022-01-19,"4,268.28","4,249.40","4,302.17","4,234.62",34.56M,0.25%
2022-01-18,"4,257.82","4,293.58","4,293.58","4,234.29",29.77M,-1.03%
2022-01-17,"4,302.14","4,281.31","4,310.49","4,274.25",20.51M,0.70%
2022-01-14,"4,272.19","4,307.48","4,307.48","4,256.61",34.93M,-1.01%
2022-01-13,"4,315.90","4,319.26","4,335.49","4,294.99",31.41M,-0.01%
2022-01-12,"4,316.39","4,306.25","4,328.76","4,289.00",39.87M,0.81%
2022-01-11,"4,281.54","4,251.80","4,303.17","4,251.80",26.40M,0.99%
2022-01-10,"4,239.52","4,312.13","4,324.64","4,231.06",31.30M,-1.54%
2022-01-07,"4,305.83","4,331.07","4,335.72","4,279.71",31.69M,-0.44%
2022-01-06,"4,324.81","4,372.45","4,372.45","4,304.54",32.68M,-1.53%
2022-01-05,"4,392.15","4,368.78","4,395.78","4,367.03",29.74M,0.56%
2022-01-04,"4,367.62","4,346.45","4,390.59","4,342.25",32.59M,0.83%
2022-01-03,"4,331.82","4,303.94","4,348.66","4,303.94",25.84M,0.78%
2021-12-31,"4,298.41","4,298.41","4,298.41","4,298.41",,-0.18%
2021-12-30,"4,306.07","4,286.63","4,309.54","4,285.29",18.58M,0.50%
2021-12-29,"4,284.83","4,311.13","4,312.45","4,271.37",16.66M,-0.63%
2021-12-28,"4,311.93","4,290.54","4,319.69","4,287.11",16.91M,0.56%
2021-12-27,"4,287.98","4,249.90","4,293.89","4,240.49",13.90M,0.77%
2021-12-24,"4,255.01","4,265.56","4,267.58","4,255.01",17.35M,-0.25%
2021-12-23,"4,265.86","4,221.90","4,270.29","4,221.90",20.50M,1.16%
2021-12-22,"4,217.06","4,180.89","4,217.06","4,167.89",19.26M,1.01%
2021-12-21,"4,174.99","4,120.48","4,174.99","4,120.48",23.84M,1.65%
2021-12-20,"4,107.13","4,140.33","4,140.33","4,046.69",30.15M,-1.30%
2021-12-17,"4,161.35","4,195.94","4,195.94","4,130.36",59.79M,-0.96%
2021-12-16,"4,201.87","4,198.25","4,250.90","4,198.25",35.43M,1.01%
2021-12-15,"4,159.68","4,147.16","4,176.14","4,147.16",25.82M,0.37%
2021-12-14,"4,144.51","4,198.90","4,210.52","4,143.50",28.74M,-0.92%
2021-12-13,"4,183.04","4,206.45","4,241.12","4,176.97",24.17M,-0.38%
2021-12-10,"4,199.16","4,198.18","4,221.57","4,178.66",25.37M,-0.22%
2021-12-09,"4,208.30","4,242.66","4,246.52","4,201.85",26.13M,-0.59%
2021-12-08,"4,233.09","4,273.32","4,288.20","4,233.09",32.55M,-1.01%
2021-12-07,"4,276.20","4,157.72","4,277.03","4,157.72",34.42M,3.36%
2021-12-06,"4,137.11","4,095.39","4,146.16","4,078.64",30.03M,1.40%
2021-12-03,"4,080.15","4,118.98","4,150.42","4,059.02",33.31M,-0.68%
2021-12-02,"4,108.02","4,157.70","4,157.70","4,086.82",36.90M,-1.70%
2021-12-01,"4,179.15","4,080.85","4,187.86","4,080.85",37.48M,2.86%
2021-11-30,"4,063.06","4,089.51","4,110.96","4,027.43",67.92M,-1.13%
2021-11-29,"4,109.51","4,117.79","4,154.15","4,097.98",42.57M,0.49%
2021-11-26,"4,089.58","4,213.93","4,213.93","4,086.66",66.89M,-4.74%
2021-11-25,"4,293.24","4,286.63","4,304.86","4,278.80",20.88M,0.40%
2021-11-24,"4,276.25","4,284.60","4,305.49","4,240.78",32.98M,-0.18%
2021-11-23,"4,283.82","4,320.41","4,328.48","4,267.23",31.50M,-1.26%
2021-11-22,"4,338.69","4,361.95","4,371.60","4,336.17",35.01M,-0.41%
2021-11-19,"4,356.47","4,385.66","4,401.92","4,333.86",53.67M,-0.62%
2021-11-18,"4,383.70","4,400.73","4,415.23","4,377.73",30.45M,-0.39%
2021-11-17,"4,400.81","4,399.25","4,409.24","4,399.25",21.95M,-0.02%
2021-11-16,"4,401.49","4,393.80","4,406.46","4,389.52",23.20M,0.35%
2021-11-15,"4,386.19","4,364.52","4,386.19","4,364.52",22.95M,0.36%
2021-11-12,"4,370.33","4,357.90","4,372.32","4,352.43",21.91M,0.28%
2021-11-11,"4,358.00","4,347.26","4,358.80","4,334.93",21.88M,0.21%
2021-11-10,"4,348.82","4,349.80","4,358.46","4,330.29",26.21M,0.10%
2021-11-09,"4,344.63","4,346.62","4,364.04","4,337.66",24.14M,-0.18%
2021-11-08,"4,352.53","4,359.74","4,366.54","4,352.45",24.73M,-0.24%
2021-11-05,"4,363.04","4,330.14","4,375.04","4,330.14",31.45M,0.69%
2021-11-04,"4,333.34","4,314.51","4,340.81","4,314.51",37.96M,0.55%
2021-11-03,"4,309.61","4,292.59","4,309.66","4,291.10",28.69M,0.31%
2021-11-02,"4,296.22","4,276.72","4,297.45","4,273.10",24.98M,0.37%
2021-11-01,"4,280.47","4,256.93","4,291.81","4,256.93",28.15M,0.70%
2021-10-29,"4,250.56","4,228.73","4,250.68","4,187.81",35.86M,0.39%
2021-10-28,"4,233.87","4,220.74","4,236.20","4,213.17",29.45M,0.31%
2021-10-27,"4,220.88","4,220.74","4,226.99","4,205.42",30.33M,-0.07%
2021-10-26,"4,223.97","4,187.55","4,230.88","4,187.55",26.05M,0.85%
2021-10-25,"4,188.31","4,194.84","4,198.97","4,185.14",25.37M,-0.01%
2021-10-22,"4,188.81","4,158.44","4,203.67","4,158.44",23.22M,0.80%
2021-10-21,"4,155.73","4,163.62","4,166.50","4,140.06",23.62M,-0.39%
2021-10-20,"4,172.17","4,164.50","4,178.95","4,143.83",26.14M,0.13%
2021-10-19,"4,166.83","4,159.22","4,169.61","4,151.44",29.47M,0.37%
2021-10-18,"4,151.40","4,177.73","4,177.73","4,131.41",32.05M,-0.75%
2021-10-15,"4,182.91","4,160.04","4,186.61","4,159.07",52.84M,0.82%
2021-10-14,"4,149.06","4,088.14","4,151.76","4,088.14",34.75M,1.61%
2021-10-13,"4,083.28","4,052.48","4,092.73","4,040.31",30.58M,0.70%
2021-10-12,"4,055.09","4,058.54","4,063.48","4,019.55",27.49M,-0.43%
2021-10-11,"4,072.52","4,071.15","4,076.80","4,043.78",28.50M,-0.02%
2021-10-08,"4,073.29","4,097.12","4,101.96","4,073.29",30.08M,-0.61%
2021-10-07,"4,098.34","4,037.48","4,099.39","4,037.48",44.37M,2.14%
2021-10-06,"4,012.65","4,049.64","4,049.64","3,965.87",45.05M,-1.30%
2021-10-05,"4,065.43","4,002.61","4,066.64","4,001.42",43.06M,1.73%
2021-10-04,"3,996.41","4,026.70","4,037.35","3,993.87",26.07M,-0.96%
2021-10-01,"4,035.30","4,037.16","4,055.01","3,981.81",34.49M,-0.32%
2021-09-30,"4,048.08","4,089.16","4,116.35","4,048.08",39.72M,-0.79%
2021-09-29,"4,080.22","4,070.45","4,108.22","4,070.45",28.45M,0.53%
2021-09-28,"4,058.82","4,160.47","4,160.47","4,056.17",42.08M,-2.56%
2021-09-27,"4,165.48","4,164.63","4,196.07","4,159.60",38.02M,0.17%
2021-09-24,"4,158.51","4,188.43","4,188.43","4,149.94",26.62M,-0.87%
2021-09-23,"4,194.92","4,158.21","4,206.11","4,158.21",34.08M,1.08%
2021-09-22,"4,150.19","4,104.43","4,150.19","4,104.43",32.15M,1.29%
2021-09-21,"4,097.51","4,049.69","4,106.76","4,049.69",36.49M,1.33%
2021-09-20,"4,043.63","4,102.19","4,102.19","4,011.49",50.99M,-2.11%
2021-09-17,"4,130.84","4,180.28","4,213.73","4,119.27",69.03M,-0.94%
2021-09-16,"4,169.87","4,151.63","4,190.17","4,151.63",33.37M,0.58%
2021-09-15,"4,145.94","4,188.92","4,196.60","4,145.94",33.86M,-1.09%
2021-09-14,"4,191.67","4,188.35","4,202.44","4,163.95",26.40M,0.05%
2021-09-13,"4,189.53","4,174.67","4,210.62","4,174.67",25.54M,0.46%
2021-09-10,"4,170.35","4,184.05","4,205.22","4,161.09",23.73M,-0.16%
2021-09-09,"4,177.11","4,171.46","4,194.59","4,134.80",23.63M,0.00%
2021-09-08,"4,177.15","4,219.82","4,219.82","4,160.37",28.21M,-1.13%
2021-09-07,"4,225.01","4,244.40","4,245.76","4,219.86",19.62M,-0.50%
2021-09-06,"4,246.13","4,204.07","4,252.78","4,204.07",14.03M,1.05%
2021-09-03,"4,201.98","4,234.26","4,234.26","4,182.96",22.43M,-0.71%
2021-09-02,"4,232.10","4,225.03","4,239.02","4,219.42",18.50M,0.11%
2021-09-01,"4,227.27","4,207.00","4,251.39","4,207.00",28.01M,0.74%
2021-08-31,"4,196.41","4,201.77","4,222.62","4,175.32",32.96M,-0.06%
2021-08-30,"4,198.80","4,191.99","4,202.87","4,191.79",11.04M,0.19%
2021-08-27,"4,190.98","4,167.39","4,192.09","4,160.47",14.67M,0.51%
2021-08-26,"4,169.87","4,172.32","4,176.28","4,141.33",20.15M,-0.27%
2021-08-25,"4,181.12","4,178.17","4,188.23","4,178.17",17.48M,0.07%
2021-08-24,"4,178.08","4,182.68","4,197.67","4,163.69",17.98M,0.04%
2021-08-23,"4,176.42","4,160.76","4,184.03","4,157.49",20.01M,0.70%
2021-08-20,"4,147.50","4,125.30","4,150.66","4,105.99",22.12M,0.55%
2021-08-19,"4,124.71","4,183.74","4,183.74","4,082.07",31.92M,-1.54%
2021-08-18,"4,189.42","4,197.32","4,199.50","4,179.58",22.13M,-0.17%
2021-08-17,"4,196.40","4,197.85","4,202.02","4,172.67",28.10M,-0.14%
2021-08-16,"4,202.44","4,219.79","4,219.79","4,188.97",20.11M,-0.64%
2021-08-13,"4,229.70","4,225.73","4,242.26","4,223.49",18.09M,0.08%
2021-08-12,"4,226.33","4,205.74","4,232.22","4,204.12",20.47M,0.48%
2021-08-11,"4,206.33","4,189.63","4,219.06","4,184.87",23.52M,0.44%
2021-08-10,"4,187.82","4,178.59","4,197.12","4,178.59",16.68M,0.26%
2021-08-09,"4,177.15","4,175.57","4,186.05","4,170.95",18.16M,0.06%
2021-08-06,"4,174.54","4,159.04","4,183.92","4,155.16",28.55M,0.32%
2021-08-05,"4,161.08","4,141.30","4,166.14","4,141.30",22.24M,0.39%
2021-08-04,"4,144.90","4,124.33","4,150.09","4,124.33",23.47M,0.65%
2021-08-03,"4,117.95","4,114.52","4,129.21","4,102.13",21.79M,0.03%
2021-08-02,"4,116.62","4,095.50","4,135.68","4,095.50",22.39M,0.67%
2021-07-30,"4,089.30","4,113.11","4,114.28","4,078.33",30.30M,-0.67%
2021-07-29,"4,116.77","4,104.98","4,128.81","4,104.98",22.53M,0.33%
2021-07-28,"4,103.03","4,067.84","4,103.45","4,065.25",21.44M,0.94%
2021-07-27,"4,064.83","4,099.80","4,099.80","4,056.23",22.91M,-0.92%
2021-07-26,"4,102.59","4,103.50","4,106.40","4,072.86",25.84M,-0.16%
2021-07-23,"4,109.10","4,066.70","4,111.43","4,066.70",21.70M,1.23%
2021-07-22,"4,059.05","4,037.94","4,078.58","4,037.94",22.56M,0.80%
2021-07-21,"4,026.68","3,973.90","4,029.09","3,973.90",28.96M,1.78%
2021-07-20,"3,956.34","3,937.40","3,979.28","3,920.93",28.53M,0.71%
2021-07-19,"3,928.53","4,018.91","4,018.91","3,904.78",37.55M,-2.66%
2021-07-16,"4,035.77","4,060.22","4,072.58","4,014.58",24.11M,-0.51%
2021-07-15,"4,056.39","4,096.00","4,096.00","4,046.04",22.67M,-1.05%
2021-07-14,"4,099.50","4,088.10","4,104.83","4,077.14",16.40M,0.12%
2021-07-13,"4,094.56","4,094.26","4,100.81","4,084.78",23.21M,0.03%
2021-07-12,"4,093.38","4,068.64","4,098.76","4,046.11",18.35M,0.62%
2021-07-09,"4,068.09","3,996.72","4,068.14","3,996.72",26.17M,1.91%
2021-07-08,"3,991.66","4,070.74","4,070.74","3,961.98",39.13M,-2.13%
2021-07-07,"4,078.53","4,055.64","4,083.11","4,055.64",24.35M,0.64%
2021-07-06,"4,052.67","4,087.50","4,087.50","4,038.77",23.46M,-0.85%
2021-07-05,"4,087.37","4,081.08","4,095.15","4,057.91",14.81M,0.07%
2021-07-02,"4,084.31","4,082.70","4,099.99","4,076.23",18.77M,0.13%
2021-07-01,"4,078.89","4,068.20","4,113.58","4,049.60",22.44M,0.36%
2021-06-30,"4,064.30","4,104.75","4,111.98","4,048.05",30.69M,-1.05%
2021-06-29,"4,107.51","4,092.30","4,124.33","4,090.29",20.70M,0.43%
2021-06-28,"4,089.91","4,119.87","4,125.73","4,089.00",18.09M,-0.75%
2021-06-25,"4,120.66","4,123.94","4,127.45","4,105.76",20.99M,-0.04%
2021-06-24,"4,122.43","4,083.05","4,126.41","4,083.05",22.80M,1.14%
2021-06-23,"4,075.94","4,126.10","4,133.98","4,075.94",20.79M,-1.14%
2021-06-22,"4,123.13","4,112.34","4,128.40","4,093.47",21.21M,0.26%
2021-06-21,"4,112.33","4,079.42","4,114.19","4,049.60",25.93M,0.71%
2021-06-18,"4,083.37","4,155.78","4,165.59","4,078.76",65.76M,-1.80%
2021-06-17,"4,158.14","4,144.91","4,164.58","4,131.42",30.56M,0.15%
2021-06-16,"4,151.76","4,145.50","4,156.81","4,138.75",25.25M,0.20%
2021-06-15,"4,143.52","4,144.80","4,158.36","4,143.52",21.05M,0.26%
2021-06-14,"4,132.67","4,134.79","4,155.24","4,127.94",21.48M,0.14%
2021-06-11,"4,126.70","4,098.04","4,128.99","4,097.99",21.15M,0.75%
2021-06-10,"4,096.07","4,099.07","4,109.20","4,080.15",25.79M,-0.02%
2021-06-09,"4,096.85","4,095.14","4,102.06","4,078.16",18.18M,0.02%
2021-06-08,"4,096.01","4,098.63","4,115.62","4,092.76",24.82M,-0.04%
2021-06-07,"4,097.65","4,089.27","4,107.03","4,069.52",23.91M,0.20%
2021-06-04,"4,089.38","4,079.29","4,091.95","4,070.35",23.53M,0.25%
2021-06-03,"4,079.24","4,088.95","4,088.95","4,051.81",23.19M,-0.23%
2021-06-02,"4,088.50","4,072.10","4,088.52","4,064.07",23.88M,0.41%
2021-06-01,"4,071.75","4,044.07","4,101.26","4,044.07",25.12M,0.80%
2021-05-31,"4,039.46","4,068.11","4,071.74","4,037.25",17.65M,-0.76%
2021-05-28,"4,070.56","4,042.37","4,075.87","4,042.37",22.78M,0.78%
2021-05-27,"4,039.21","4,028.75","4,056.79","4,019.85",45.81M,0.19%
2021-05-26,"4,031.67","4,039.57","4,054.14","4,022.05",25.92M,-0.11%
2021-05-25,"4,036.04","4,042.49","4,056.95","4,036.04",24.82M,0.01%
2021-05-24,"4,035.58","4,021.58","4,035.76","4,021.58",17.40M,0.24%
2021-05-21,"4,025.78","4,001.53","4,032.97","3,999.11",31.69M,0.65%
2021-05-20,"3,999.91","3,948.63","3,999.91","3,936.79",25.60M,1.60%
2021-05-19,"3,936.74","3,995.70","3,995.70","3,892.72",32.61M,-1.71%
2021-05-18,"4,005.34","4,014.68","4,043.21","3,996.75",28.23M,-0.04%
2021-05-17,"4,006.84","4,018.16","4,032.11","3,993.88",25.37M,-0.26%
2021-05-14,"4,017.44","3,970.76","4,017.44","3,961.10",26.88M,1.64%
2021-05-13,"3,952.45","3,931.19","3,963.61","3,857.76",30.96M,0.13%
2021-05-12,"3,947.43","3,947.65","3,964.80","3,925.85",34.88M,0.03%
2021-05-11,"3,946.06","4,020.49","4,020.49","3,917.64",34.99M,-1.92%
2021-05-10,"4,023.35","4,031.99","4,035.66","4,014.67",29.53M,-0.27%
2021-05-07,"4,034.25","3,999.93","4,034.25","3,999.93",27.53M,0.87%
2021-05-06,"3,999.44","3,997.70","4,022.74","3,974.82",34.95M,-0.08%
2021-05-05,"4,002.79","3,927.29","4,003.09","3,927.29",30.13M,1.99%
2021-05-04,"3,924.80","4,001.13","4,018.14","3,919.46",35.16M,-1.89%
2021-05-03,"4,000.25","3,979.50","4,009.73","3,965.50",20.82M,0.64%
2021-04-30,"3,974.74","3,993.19","4,004.84","3,974.72",28.08M,-0.55%
2021-04-29,"3,996.90","4,021.44","4,033.87","3,985.25",34.48M,-0.45%
2021-04-28,"4,015.03","4,011.02","4,026.74","4,006.34",28.23M,0.08%
2021-04-27,"4,011.91","4,017.92","4,019.21","4,001.24",27.50M,-0.22%
2021-04-26,"4,020.83","4,013.07","4,026.33","4,004.53",25.16M,0.19%
2021-04-23,"4,013.34","4,011.10","4,016.82","3,981.87",19.47M,-0.04%
2021-04-22,"4,014.80","3,979.58","4,017.19","3,979.58",20.99M,0.97%
2021-04-21,"3,976.41","3,943.19","3,985.31","3,943.19",27.40M,0.91%
2021-04-20,"3,940.46","4,014.01","4,018.66","3,935.83",33.92M,-1.98%
2021-04-19,"4,019.91","4,033.59","4,040.88","4,017.70",23.39M,-0.32%
2021-04-16,"4,032.99","3,992.56","4,037.61","3,991.20",36.67M,0.99%
2021-04-15,"3,993.43","3,978.39","3,997.69","3,978.39",23.97M,0.43%
2021-04-14,"3,976.28","3,973.33","3,982.08","3,968.68",23.44M,0.23%
2021-04-13,"3,966.99","3,964.91","3,980.57","3,953.26",24.47M,0.13%
2021-04-12,"3,961.90","3,978.54","3,980.52","3,961.90",19.44M,-0.43%
2021-04-09,"3,978.84","3,978.84","3,987.73","3,970.41",21.46M,0.03%
2021-04-08,"3,977.83","3,961.00","3,977.92","3,961.00",28.52M,0.53%
2021-04-07,"3,956.77","3,965.86","3,971.89","3,952.12",22.48M,-0.34%
2021-04-06,"3,970.42","3,950.18","3,988.10","3,950.18",31.22M,0.62%
2021-04-01,"3,945.96","3,922.36","3,948.99","3,922.36",20.59M,0.68%
2021-03-31,"3,919.21","3,923.92","3,925.97","3,910.90",29.09M,-0.18%
2021-03-30,"3,926.20","3,885.11","3,929.49","3,885.11",28.35M,1.12%
2021-03-29,"3,882.87","3,871.82","3,890.20","3,867.25",22.65M,0.42%
2021-03-26,"3,866.68","3,841.46","3,871.88","3,841.46",24.74M,0.89%
2021-03-25,"3,832.57","3,822.59","3,832.57","3,784.09",24.35M,0.00%
2021-03-24,"3,832.55","3,820.78","3,833.66","3,803.84",27.17M,0.14%
2021-03-23,"3,827.02","3,827.54","3,842.37","3,804.90",27.89M,-0.18%
2021-03-22,"3,833.84","3,828.66","3,841.49","3,811.80",26.11M,-0.08%
2021-03-19,"3,837.02","3,851.61","3,861.65","3,819.38",86.40M,-0.79%
2021-03-18,"3,867.54","3,856.76","3,874.91","3,852.25",48.27M,0.46%
2021-03-17,"3,849.74","3,846.58","3,853.66","3,838.43",33.60M,-0.03%
2021-03-16,"3,850.96","3,842.33","3,856.78","3,838.22",37.12M,0.55%
2021-03-15,"3,829.84","3,840.85","3,857.07","3,818.20",32.09M,-0.09%
2021-03-12,"3,833.36","3,840.73","3,840.73","3,818.25",27.64M,-0.32%
2021-03-11,"3,845.64","3,827.18","3,846.51","3,827.18",36.67M,0.67%
2021-03-10,"3,819.92","3,780.26","3,822.66","3,780.00",34.47M,0.89%
2021-03-09,"3,786.05","3,759.26","3,795.63","3,754.62",43.30M,0.61%
2021-03-08,"3,763.24","3,679.35","3,767.45","3,679.35",47.41M,2.55%
2021-03-05,"3,669.54","3,689.41","3,714.26","3,656.21",45.46M,-0.95%
2021-03-04,"3,704.85","3,702.37","3,716.31","3,680.83",37.06M,-0.21%
2021-03-03,"3,712.78","3,711.39","3,742.50","3,687.45",43.73M,0.14%
2021-03-02,"3,707.72","3,702.80","3,728.47","3,689.82",29.65M,0.03%
2021-03-01,"3,706.62","3,658.12","3,711.52","3,658.12",31.52M,1.93%
2021-02-26,"3,636.44","3,665.89","3,676.59","3,622.24",46.00M,-1.33%
2021-02-25,"3,685.28","3,716.67","3,728.65","3,685.28",48.97M,-0.56%
2021-02-24,"3,705.99","3,684.67","3,712.66","3,681.66",33.99M,0.46%
2021-02-23,"3,689.10","3,698.24","3,708.11","3,643.33",39.95M,-0.29%
2021-02-22,"3,699.85","3,706.07","3,707.42","3,660.90",30.54M,-0.37%
2021-02-19,"3,713.46","3,683.38","3,718.99","3,681.45",39.01M,0.88%
2021-02-18,"3,681.04","3,700.99","3,711.38","3,672.80",31.64M,-0.51%
2021-02-17,"3,699.85","3,720.26","3,726.35","3,696.12",36.00M,-0.71%
2021-02-16,"3,726.40","3,735.53","3,740.56","3,718.66",28.61M,-0.21%
2021-02-15,"3,734.20","3,711.35","3,742.53","3,706.40",35.29M,1.04%
2021-02-12,"3,695.61","3,669.04","3,696.19","3,649.11",30.96M,0.65%
2021-02-11,"3,671.68","3,654.34","3,673.39","3,648.41",29.12M,0.64%
2021-02-10,"3,648.37","3,672.12","3,677.16","3,628.47",32.37M,-0.35%
2021-02-09,"3,661.13","3,669.54","3,670.80","3,649.50",31.71M,-0.12%
2021-02-08,"3,665.51","3,665.77","3,681.82","3,661.88",44.04M,0.27%
2021-02-05,"3,655.77","3,642.69","3,668.40","3,642.28",56.12M,0.37%
2021-02-04,"3,642.12","3,604.62","3,644.64","3,604.62",47.39M,0.90%
2021-02-03,"3,609.75","3,599.76","3,632.67","3,599.36",56.22M,0.54%
2021-02-02,"3,590.46","3,545.09","3,596.20","3,545.09",39.36M,1.69%
2021-02-01,"3,530.85","3,492.86","3,543.18","3,492.86",30.79M,1.42%
2021-01-29,"3,481.44","3,538.63","3,538.63","3,481.44",50.21M,-2.13%
2021-01-28,"3,557.04","3,519.11","3,567.06","3,473.76",63.59M,0.58%
2021-01-27,"3,536.38","3,593.19","3,593.19","3,502.74",52.94M,-1.57%
2021-01-26,"3,592.83","3,551.21","3,607.42","3,551.21",43.38M,1.12%
2021-01-25,"3,553.14","3,614.72","3,621.49","3,540.25",42.06M,-1.37%
2021-01-22,"3,602.41","3,611.43","3,611.43","3,570.68",32.66M,-0.44%
2021-01-21,"3,618.35","3,637.86","3,649.73","3,616.50",28.63M,-0.16%
2021-01-20,"3,624.04","3,603.80","3,630.44","3,603.57",27.55M,0.80%
2021-01-19,"3,595.42","3,618.03","3,623.26","3,591.73",25.09M,-0.20%
2021-01-18,"3,602.67","3,591.23","3,603.36","3,577.77",20.61M,0.09%
2021-01-15,"3,599.55","3,633.41","3,633.46","3,573.60",39.02M,-1.15%
2021-01-14,"3,641.37","3,619.30","3,647.32","3,619.30",35.17M,0.69%
2021-01-13,"3,616.51","3,615.02","3,624.19","3,599.49",27.86M,0.12%
2021-01-12,"3,612.13","3,622.37","3,633.68","3,600.06",33.48M,-0.23%
2021-01-11,"3,620.62","3,636.67","3,641.74","3,595.11",30.54M,-0.67%
2021-01-08,"3,645.05","3,632.14","3,657.83","3,630.71",33.36M,0.62%
2021-01-07,"3,622.42","3,621.16","3,635.64","3,604.13",36.86M,0.31%
2021-01-06,"3,611.08","3,559.81","3,620.57","3,547.45",50.98M,1.78%
2021-01-05,"3,547.85","3,554.24","3,574.98","3,524.63",31.90M,-0.46%
2021-01-04,"3,564.39","3,565.68","3,609.91","3,548.31",31.52M,0.33%
2020-12-31,"3,552.64","3,565.71","3,571.61","3,552.64",13.07M,-0.53%
2020-12-30,"3,571.59","3,580.91","3,591.25","3,569.62",16.18M,-0.27%
2020-12-29,"3,581.37","3,580.45","3,603.17","3,576.76",18.32M,0.17%
2020-12-28,"3,575.41","3,554.13","3,583.21","3,554.13",19.60M,0.91%
2020-12-24,"3,543.28","3,542.85","3,546.02","3,539.79",18.89M,0.11%
2020-12-23,"3,539.26","3,502.43","3,544.55","3,502.43",25.53M,1.19%
2020-12-22,"3,497.49","3,455.94","3,503.03","3,455.94",26.35M,1.42%
2020-12-21,"3,448.68","3,516.66","3,516.66","3,401.14",50.41M,-2.74%
2020-12-18,"3,545.74","3,556.15","3,586.44","3,544.77",69.15M,-0.42%
2020-12-17,"3,560.87","3,550.37","3,573.45","3,550.37",32.52M,0.50%
2020-12-16,"3,543.00","3,524.12","3,560.71","3,523.93",38.83M,0.61%
2020-12-15,"3,521.50","3,503.38","3,528.83","3,497.47",32.15M,0.50%
2020-12-14,"3,503.96","3,497.84","3,531.95","3,497.84",32.49M,0.52%
2020-12-11,"3,485.84","3,515.83","3,515.83","3,461.47",35.37M,-1.04%
2020-12-10,"3,522.31","3,529.04","3,541.24","3,498.96",38.43M,-0.19%
2020-12-09,"3,529.02","3,532.04","3,557.39","3,527.42",31.81M,0.09%
2020-12-08,"3,525.87","3,522.99","3,531.69","3,503.28",25.58M,-0.12%
2020-12-07,"3,530.08","3,536.05","3,536.05","3,499.14",32.04M,-0.26%
2020-12-04,"3,539.27","3,516.18","3,540.69","3,516.18",46.29M,0.63%
2020-12-03,"3,517.10","3,520.53","3,523.60","3,502.65",34.86M,-0.12%
2020-12-02,"3,521.32","3,515.64","3,523.30","3,502.10",41.43M,-0.11%
2020-12-01,"3,525.24","3,499.28","3,532.91","3,499.28",42.00M,0.94%
2020-11-30,"3,492.54","3,518.91","3,538.52","3,492.54",53.48M,-1.00%
2020-11-27,"3,527.79","3,509.79","3,536.46","3,507.97",44.69M,0.48%
2020-11-26,"3,510.94","3,518.67","3,524.08","3,508.70",27.29M,-0.03%
2020-11-25,"3,511.90","3,513.77","3,520.74","3,494.07",48.98M,0.11%
2020-11-24,"3,507.98","3,476.61","3,510.62","3,476.61",52.93M,1.30%
2020-11-23,"3,463.04","3,480.59","3,506.24","3,463.04",36.74M,-0.13%
2020-11-20,"3,467.60","3,447.96","3,484.29","3,442.81",37.87M,0.45%
2020-11-19,"3,451.97","3,466.67","3,466.67","3,440.22",38.19M,-0.87%
2020-11-18,"3,482.17","3,463.97","3,489.31","3,451.89",41.20M,0.39%
2020-11-17,"3,468.48","3,461.54","3,471.90","3,442.70",40.48M,0.07%
2020-11-16,"3,466.21","3,447.86","3,497.10","3,440.05",55.80M,0.99%
2020-11-13,"3,432.07","3,423.63","3,457.59","3,416.18",41.53M,0.11%
2020-11-12,"3,428.20","3,453.36","3,457.71","3,421.96",45.82M,-1.13%
2020-11-11,"3,467.30","3,444.57","3,473.82","3,433.26",51.67M,0.72%
2020-11-10,"3,442.62","3,405.49","3,460.08","3,396.40",98.23M,1.02%
2020-11-09,"3,407.91","3,217.40","3,442.12","3,217.40",106.01M,6.36%
2020-11-06,"3,204.05","3,210.37","3,224.49","3,168.97",38.53M,-0.36%
2020-11-05,"3,215.56","3,167.78","3,222.51","3,167.78",46.05M,1.72%
2020-11-04,"3,161.07","3,083.79","3,164.56","3,043.19",52.14M,2.01%
2020-11-03,"3,098.72","3,030.89","3,101.04","3,030.89",45.46M,2.62%
2020-11-02,"3,019.54","2,969.37","3,029.85","2,953.92",38.69M,2.07%
2020-10-30,"2,958.21","2,950.28","2,972.45","2,928.56",45.70M,-0.06%
2020-10-29,"2,960.03","2,961.49","2,985.50","2,920.87",55.41M,-0.12%
2020-10-28,"2,963.54","3,058.86","3,058.86","2,932.95",59.92M,-3.49%
2020-10-27,"3,070.60","3,109.08","3,112.32","3,065.65",40.13M,-1.12%
2020-10-26,"3,105.25","3,181.95","3,181.95","3,103.79",30.26M,-2.93%
2020-10-23,"3,198.86","3,167.96","3,217.96","3,162.37",28.51M,0.87%
2020-10-22,"3,171.41","3,180.96","3,185.03","3,135.48",28.35M,-0.29%
2020-10-21,"3,180.70","3,232.63","3,238.07","3,176.95",30.46M,-1.46%
2020-10-20,"3,227.87","3,239.75","3,250.97","3,223.79",30.35M,-0.45%
2020-10-19,"3,242.51","3,250.13","3,282.55","3,226.44",21.11M,-0.09%
2020-10-16,"3,245.47","3,197.29","3,258.93","3,197.29",38.10M,1.65%
2020-10-15,"3,192.69","3,269.87","3,269.87","3,174.64",40.92M,-2.46%
2020-10-14,"3,273.28","3,279.20","3,287.84","3,264.61",24.14M,-0.18%
2020-10-13,"3,279.19","3,298.63","3,298.63","3,264.74",27.90M,-0.57%
2020-10-12,"3,298.12","3,276.50","3,305.77","3,272.50",24.55M,0.76%
2020-10-09,"3,273.12","3,256.86","3,276.36","3,254.13",28.06M,0.53%
2020-10-08,"3,255.76","3,239.95","3,270.27","3,234.48",31.56M,0.69%
2020-10-07,"3,233.43","3,229.93","3,245.62","3,219.33",30.80M,0.00%
2020-10-06,"3,233.30","3,223.64","3,251.11","3,201.98",34.42M,0.41%
2020-10-05,"3,220.22","3,200.49","3,224.35","3,199.63",27.97M,0.92%
2020-10-02,"3,190.93","3,180.83","3,190.93","3,147.28",29.22M,-0.10%
2020-10-01,"3,194.09","3,207.17","3,224.40","3,178.11",31.98M,0.02%
2020-09-30,"3,193.61","3,208.91","3,225.94","3,181.03",31.42M,-0.64%
2020-09-29,"3,214.30","3,222.32","3,224.83","3,197.10",26.38M,-0.28%
2020-09-28,"3,223.19","3,144.52","3,227.43","3,144.52",33.77M,2.75%
2020-09-25,"3,137.06","3,159.28","3,160.56","3,097.67",34.43M,-0.71%
2020-09-24,"3,159.64","3,166.02","3,181.13","3,143.61",36.73M,-0.64%
2020-09-23,"3,180.11","3,170.55","3,223.72","3,170.55",40.76M,0.51%
2020-09-22,"3,164.13","3,165.72","3,195.18","3,164.13",42.74M,0.10%
2020-09-21,"3,160.95","3,277.42","3,277.42","3,150.61",67.33M,-3.74%
2020-09-18,"3,283.69","3,315.30","3,326.79","3,283.69",137.35M,-0.99%
2020-09-17,"3,316.57","3,332.86","3,332.86","3,285.27",38.21M,-0.67%
2020-09-16,"3,338.84","3,332.12","3,348.77","3,312.19",39.88M,0.20%
2020-09-15,"3,332.26","3,318.40","3,344.51","3,307.36",31.13M,0.47%
2020-09-14,"3,316.79","3,319.94","3,346.40","3,309.06",26.47M,0.03%
2020-09-11,"3,315.81","3,312.78","3,329.09","3,292.42",36.52M,0.09%
2020-09-10,"3,312.77","3,326.28","3,337.72","3,300.08",37.19M,-0.36%
2020-09-09,"3,324.83","3,266.87","3,332.99","3,266.87",38.25M,1.76%
2020-09-08,"3,267.37","3,314.85","3,320.38","3,241.61",40.32M,-1.41%
2020-09-07,"3,314.07","3,264.43","3,320.55","3,264.43",30.64M,1.64%
2020-09-04,"3,260.59","3,294.93","3,328.76","3,234.81",52.02M,-1.32%
2020-09-03,"3,304.22","3,344.21","3,396.02","3,285.55",41.86M,-1.01%
2020-09-02,"3,337.77","3,284.30","3,358.11","3,284.30",39.21M,1.84%
2020-09-01,"3,277.58","3,279.11","3,311.40","3,245.03",39.44M,0.15%
2020-08-31,"3,272.51","3,320.68","3,346.11","3,266.55",38.08M,-1.30%
2020-08-28,"3,315.54","3,333.19","3,339.74","3,296.26",34.92M,-0.47%
2020-08-27,"3,331.04","3,357.02","3,359.14","3,326.65",34.25M,-0.77%
2020-08-26,"3,356.76","3,328.42","3,357.88","3,315.40",22.97M,0.81%
2020-08-25,"3,329.71","3,335.01","3,373.47","3,329.71",33.09M,-0.06%
2020-08-24,"3,331.74","3,269.51","3,338.47","3,269.51",29.47M,2.21%
2020-08-21,"3,259.75","3,277.61","3,292.57","3,221.42",35.55M,-0.43%
2020-08-20,"3,273.98","3,306.69","3,306.69","3,257.60",28.00M,-1.32%
2020-08-19,"3,317.62","3,287.08","3,317.84","3,275.51",21.32M,0.85%
2020-08-18,"3,289.64","3,301.36","3,333.64","3,276.02",28.15M,-0.49%
2020-08-17,"3,305.85","3,305.65","3,319.10","3,285.99",23.39M,0.02%
2020-08-14,"3,305.05","3,339.33","3,339.33","3,275.91",30.33M,-1.13%
2020-08-13,"3,342.85","3,358.09","3,368.07","3,336.57",27.82M,-0.60%
2020-08-12,"3,363.18","3,327.88","3,377.44","3,321.46",39.37M,0.93%
2020-08-11,"3,332.12","3,269.91","3,349.76","3,269.91",43.23M,2.22%
2020-08-10,"3,259.71","3,259.27","3,276.61","3,239.25",26.23M,0.22%
2020-08-07,"3,252.65","3,240.52","3,256.92","3,220.05",37.02M,0.38%
2020-08-06,"3,240.39","3,264.08","3,286.10","3,223.75",65.36M,-0.86%
2020-08-05,"3,268.38","3,258.32","3,293.17","3,258.32",41.26M,0.43%
2020-08-04,"3,254.29","3,253.84","3,278.56","3,230.52",47.68M,0.19%
2020-08-03,"3,248.28","3,177.76","3,263.65","3,173.98",48.85M,2.33%
2020-07-31,"3,174.32","3,211.21","3,245.97","3,174.32",55.69M,-1.06%
2020-07-30,"3,208.20","3,300.61","3,300.61","3,174.38",60.17M,-2.79%
2020-07-29,"3,300.16","3,304.22","3,314.96","3,293.62",35.92M,-0.10%
2020-07-28,"3,303.56","3,302.68","3,316.82","3,280.67",31.36M,0.02%
2020-07-27,"3,302.84","3,308.17","3,317.18","3,292.48",29.10M,-0.24%
2020-07-24,"3,310.89","3,349.54","3,349.54","3,294.89",34.26M,-1.80%
2020-07-23,"3,371.74","3,379.57","3,400.92","3,362.34",35.87M,0.03%
2020-07-22,"3,370.76","3,399.88","3,402.19","3,361.53",37.09M,-1.02%
2020-07-21,"3,405.35","3,404.16","3,451.16","3,401.42",50.37M,0.50%
2020-07-20,"3,388.34","3,361.25","3,393.43","3,332.64",31.56M,0.68%
2020-07-17,"3,365.60","3,370.51","3,375.22","3,353.98",40.43M,0.01%
2020-07-16,"3,365.35","3,371.05","3,376.58","3,340.96",34.87M,-0.38%
2020-07-15,"3,378.21","3,331.84","3,399.71","3,331.84",46.66M,1.71%
2020-07-14,"3,321.39","3,330.08","3,330.08","3,277.40",36.82M,-0.85%
2020-07-13,"3,350.00","3,311.82","3,353.26","3,307.56",32.80M,1.63%
2020-07-10,"3,296.22","3,255.40","3,299.54","3,241.29",31.88M,1.07%
2020-07-09,"3,261.17","3,291.70","3,315.54","3,253.58",33.33M,-0.76%
2020-07-08,"3,286.09","3,310.83","3,324.85","3,278.10",38.17M,-1.07%
2020-07-07,"3,321.56","3,338.72","3,338.72","3,299.99",34.87M,-0.85%
2020-07-06,"3,350.03","3,314.40","3,375.70","3,314.40",43.07M,1.69%
2020-07-03,"3,294.38","3,321.83","3,330.48","3,279.07",28.27M,-0.77%
2020-07-02,"3,320.09","3,239.48","3,335.40","3,239.48",54.20M,2.84%
2020-07-01,"3,228.45","3,239.86","3,250.56","3,181.12",34.84M,-0.17%
2020-06-30,"3,234.07","3,235.87","3,249.43","3,209.96",41.99M,0.06%
2020-06-29,"3,232.02","3,196.21","3,252.33","3,183.11",38.66M,0.87%
2020-06-26,"3,204.17","3,233.14","3,272.97","3,199.81",37.10M,-0.46%
2020-06-25,"3,218.91","3,196.25","3,235.36","3,149.67",44.00M,0.71%
2020-06-24,"3,196.12","3,289.00","3,289.00","3,196.12",45.12M,-3.11%
2020-06-23,"3,298.83","3,253.33","3,317.87","3,253.33",47.21M,1.76%
2020-06-22,"3,241.69","3,259.43","3,279.42","3,219.15",35.28M,-0.84%
2020-06-19,"3,269.10","3,257.00","3,300.66","3,257.00",111.74M,0.59%
2020-06-18,"3,249.90","3,260.67","3,288.18","3,225.10",53.77M,-0.53%
2020-06-17,"3,267.26","3,240.09","3,282.92","3,238.56",51.16M,0.76%
2020-06-16,"3,242.65","3,156.03","3,277.87","3,156.03",65.93M,3.39%
2020-06-15,"3,136.40","3,131.43","3,153.37","3,054.11",52.22M,-0.55%
2020-06-12,"3,153.74","3,135.22","3,213.76","3,110.30",56.15M,0.29%
2020-06-11,"3,144.57","3,263.61","3,263.61","3,144.57",75.07M,-4.53%
2020-06-10,"3,293.71","3,327.31","3,355.76","3,289.25",52.91M,-0.81%
2020-06-09,"3,320.71","3,368.55","3,377.20","3,294.74",74.58M,-1.41%
2020-06-08,"3,368.35","3,356.25","3,394.91","3,341.25",,-0.47%
2020-06-05,"3,384.29","3,281.92","3,386.96","3,281.92",92.61M,3.76%
2020-06-04,"3,261.67","3,261.09","3,293.26","3,232.79",72.91M,-0.24%
2020-06-03,"3,269.59","3,169.73","3,275.68","3,169.73",72.25M,3.58%
2020-06-02,"3,156.45","3,123.55","3,168.49","3,108.55",,3.48%
2020-05-29,"3,050.20","3,081.78","3,096.24","3,049.33",74.78M,-1.43%
2020-05-28,"3,094.47","3,058.75","3,102.96","3,053.76",58.75M,1.42%
2020-05-27,"3,051.08","3,004.09","3,067.35","3,002.66",79.31M,1.73%
2020-05-26,"2,999.22","2,983.65","3,009.43","2,978.53",57.52M,0.94%
2020-05-25,"2,971.35","2,919.10","2,971.35","2,912.96",26.95M,2.27%
2020-05-22,"2,905.47","2,889.38","2,922.20","2,854.07",45.18M,0.02%
2020-05-21,"2,904.98","2,927.65","2,936.82","2,897.78",38.84M,-1.27%
2020-05-20,"2,942.39","2,895.51","2,946.47","2,874.95",53.60M,1.37%
2020-05-19,"2,902.58","2,931.17","2,944.96","2,876.66",67.92M,-0.32%
2020-05-18,"2,911.88","2,800.07","2,923.32","2,800.07",49.02M,5.10%
2020-05-15,"2,770.70","2,777.43","2,801.85","2,755.15",45.57M,0.38%
2020-05-14,"2,760.23","2,796.48","2,796.48","2,708.07",57.06M,-1.79%
2020-05-13,"2,810.55","2,872.01","2,872.01","2,805.27",43.28M,-2.55%
2020-05-12,"2,884.20","2,878.61","2,896.40","2,871.25",34.34M,0.02%
2020-05-11,"2,883.75","2,915.72","2,927.26","2,861.71",34.18M,-0.84%
2020-05-08,"2,908.11","2,892.95","2,912.02","2,887.49",30.05M,0.96%
2020-05-07,"2,880.60","2,842.82","2,883.02","2,842.82",40.52M,1.30%
2020-05-06,"2,843.76","2,876.45","2,878.70","2,839.77",41.34M,-1.12%
2020-05-05,"2,875.91","2,830.33","2,878.51","2,827.37",48.88M,2.11%
2020-05-04,"2,816.48","2,898.89","2,898.89","2,801.07",57.39M,-3.81%
2020-05-01,"2,927.93","2,927.93","2,927.93","2,927.93",72.74M,0.00%
2020-04-30,"2,927.93","3,003.21","3,023.83","2,917.31",72.74M,-2.27%
2020-04-29,"2,996.08","2,934.49","3,000.49","2,919.74",50.04M,2.18%
2020-04-28,"2,932.06","2,882.81","2,951.35","2,880.72",54.62M,1.73%
2020-04-27,"2,882.09","2,838.96","2,882.11","2,838.96",36.12M,2.60%
2020-04-24,"2,809.07","2,837.33","2,849.08","2,799.12",42.44M,-1.52%
2020-04-23,"2,852.46","2,837.32","2,883.60","2,815.12",41.58M,0.62%
2020-04-22,"2,834.90","2,800.81","2,838.26","2,800.81",41.19M,1.56%
2020-04-21,"2,791.34","2,889.57","2,889.57","2,791.34",50.94M,-4.06%
2020-04-20,"2,909.50","2,894.91","2,909.50","2,839.18",42.21M,0.73%
2020-04-17,"2,888.30","2,842.10","2,931.55","2,842.10",61.20M,2.70%
2020-04-16,"2,812.35","2,826.70","2,853.57","2,792.17",53.50M,0.15%
2020-04-15,"2,808.20","2,914.30","2,914.30","2,795.47",60.15M,-3.75%
2020-04-14,"2,917.74","2,911.20","2,956.22","2,905.72",51.06M,0.86%
2020-04-09,"2,892.79","2,864.45","2,922.07","2,833.45",63.03M,1.46%
2020-04-08,"2,851.27","2,846.25","2,851.27","2,793.71",47.43M,-0.22%
2020-04-07,"2,857.67","2,819.53","2,914.46","2,819.53",68.93M,2.21%
2020-04-06,"2,795.97","2,701.86","2,804.70","2,701.86",58.55M,4.99%
2020-04-03,"2,662.99","2,686.07","2,693.50","2,655.80",63.60M,-0.95%
2020-04-02,"2,688.49","2,693.13","2,711.45","2,626.10",66.56M,0.31%
2020-04-01,"2,680.30","2,760.54","2,760.54","2,663.42",63.22M,-3.83%
2020-03-31,"2,786.90","2,780.80","2,827.32","2,728.02",74.50M,0.77%
2020-03-30,"2,765.62","2,734.92","2,765.62","2,658.88",64.13M,1.35%
2020-03-27,"2,728.65","2,803.09","2,803.09","2,694.78",66.18M,-4.18%
2020-03-26,"2,847.78","2,765.86","2,847.78","2,706.29",65.31M,1.70%
2020-03-25,"2,800.14","2,756.99","2,829.34","2,670.27",90.51M,3.13%
2020-03-24,"2,715.11","2,507.61","2,715.11","2,507.61",87.88M,9.24%
2020-03-23,"2,485.54","2,520.48","2,588.48","2,427.87",,-2.47%
2020-03-20,"2,548.50","2,475.14","2,613.53","2,475.14",133.71M,3.85%
2020-03-19,"2,454.08","2,388.94","2,461.57","2,345.30",101.35M,2.86%
2020-03-18,"2,385.82","2,507.33","2,507.33","2,365.70",98.21M,-5.72%
2020-03-17,"2,530.50","2,475.18","2,555.41","2,376.23",106.91M,3.27%
2020-03-16,"2,450.37","2,557.71","2,557.71","2,302.84",137.14M,-5.25%
2020-03-13,"2,586.02","2,584.36","2,793.27","2,537.27",136.55M,1.60%
2020-03-12,"2,545.23","2,883.25","2,883.25","2,535.89",167.33M,-12.40%
2020-03-11,"2,905.56","2,924.93","2,998.65","2,893.43",87.72M,-0.15%
2020-03-10,"2,910.02","2,973.61","3,088.57","2,896.74",118.22M,-1.66%
2020-03-09,"2,959.07","3,214.20","3,214.20","2,939.85",143.37M,-8.45%
2020-03-06,"3,232.07","3,347.83","3,347.83","3,216.44",85.09M,-3.91%
2020-03-05,"3,363.58","3,431.78","3,438.06","3,338.41",73.06M,-1.67%
2020-03-04,"3,420.56","3,374.00","3,438.21","3,350.23",66.43M,1.44%
2020-03-03,"3,371.97","3,355.52","3,448.24","3,354.30",79.45M,0.99%
2020-03-02,"3,338.83","3,355.33","3,406.40","3,257.99",90.02M,0.28%
2020-02-28,"3,329.49","3,431.52","3,431.52","3,283.18",123.09M,-3.66%
2020-02-27,"3,455.92","3,553.05","3,553.05","3,410.70",86.76M,-3.40%
2020-02-26,"3,577.68","3,567.03","3,595.80","3,467.58",71.79M,0.14%
2020-02-25,"3,572.51","3,655.84","3,668.70","3,568.48",62.81M,-2.07%
2020-02-24,"3,647.98","3,762.35","3,762.35","3,632.29",80.00M,-4.01%
2020-02-21,"3,800.38","3,816.51","3,827.36","3,776.82",48.44M,-0.59%
2020-02-20,"3,822.98","3,867.28","3,867.28","3,822.98",41.28M,-1.09%
2020-02-19,"3,865.18","3,846.39","3,865.43","3,846.39",40.37M,0.75%
2020-02-18,"3,836.54","3,848.56","3,848.56","3,826.23",53.06M,-0.43%
2020-02-17,"3,853.27","3,843.10","3,854.30","3,841.06",24.26M,0.32%
2020-02-14,"3,840.97","3,847.93","3,851.42","3,835.79",29.90M,-0.15%
2020-02-13,"3,846.74","3,849.10","3,849.10","3,799.98",38.74M,-0.20%
2020-02-12,"3,854.43","3,829.66","3,854.43","3,829.66",42.24M,0.75%
2020-02-11,"3,825.84","3,804.46","3,832.06","3,804.46",38.62M,0.86%
2020-02-10,"3,793.18","3,794.18","3,794.18","3,779.10",28.46M,-0.14%
2020-02-07,"3,798.49","3,804.86","3,806.06","3,782.21",39.16M,-0.18%
2020-02-06,"3,805.52","3,791.07","3,808.74","3,790.54",52.51M,0.73%
2020-02-05,"3,777.84","3,727.22","3,782.85","3,717.72",56.85M,1.22%
2020-02-04,"3,732.28","3,670.98","3,732.28","3,670.98",45.38M,1.94%
2020-02-03,"3,661.27","3,646.86","3,673.28","3,641.84",32.50M,0.56%
2020-01-31,"3,640.91","3,697.67","3,705.33","3,639.44",49.70M,-1.35%
2020-01-30,"3,690.78","3,717.93","3,717.93","3,676.66",42.46M,-1.22%
2020-01-29,"3,736.36","3,717.64","3,743.26","3,715.74",36.47M,0.46%
2020-01-28,"3,719.22","3,684.69","3,722.71","3,671.74",37.48M,1.13%
2020-01-27,"3,677.84","3,754.63","3,754.63","3,673.80",44.84M,-2.68%
2020-01-24,"3,779.16","3,744.75","3,795.33","3,744.75",31.73M,1.13%
2020-01-23,"3,736.85","3,764.10","3,770.01","3,734.06",33.33M,-0.87%
2020-01-22,"3,769.79","3,792.05","3,802.68","3,765.49",32.48M,-0.51%
2020-01-21,"3,789.12","3,786.26","3,789.12","3,760.36",27.59M,-0.26%
2020-01-20,"3,799.03","3,804.74","3,805.61","3,791.51",20.83M,-0.24%
2020-01-17,"3,808.26","3,780.54","3,813.80","3,780.54",33.00M,0.90%
2020-01-16,"3,774.14","3,770.96","3,785.67","3,758.55",17.58M,0.14%
2020-01-15,"3,768.96","3,774.93","3,778.94","3,755.30",33.41M,-0.16%
2020-01-14,"3,774.88","3,779.35","3,783.76","3,745.47",33.07M,-0.13%
2020-01-13,"3,779.68","3,789.87","3,798.58","3,768.45",27.51M,-0.26%
2020-01-10,"3,789.52","3,801.12","3,803.91","3,786.93",27.40M,-0.17%
2020-01-09,"3,795.88","3,782.77","3,807.09","3,782.77",33.48M,0.62%
2020-01-08,"3,772.56","3,752.87","3,775.43","3,732.90",34.99M,0.35%
2020-01-07,"3,759.25","3,760.09","3,784.42","3,748.13",29.85M,0.18%
2020-01-06,"3,752.52","3,764.34","3,764.34","3,710.94",28.34M,-0.55%
2020-01-03,"3,773.37","3,787.57","3,787.57","3,745.54",30.34M,-0.52%
2020-01-02,"3,793.24","3,754.24","3,801.13","3,754.24",29.92M,1.28%
2019-12-31,"3,745.15","3,746.61","3,749.10","3,738.45",22.07M,-0.09%
2019-12-30,"3,748.47","3,780.44","3,780.44","3,748.47",18.68M,-0.89%
2019-12-27,"3,782.27","3,776.82","3,794.93","3,775.26",24.44M,0.21%
2019-12-24,"3,774.39","3,774.13","3,774.66","3,770.91",15.42M,-0.06%
2019-12-23,"3,776.66","3,775.07","3,778.98","3,767.80",23.06M,0.00%
2019-12-20,"3,776.56","3,740.71","3,776.56","3,738.22",84.85M,1.00%
2019-12-19,"3,739.17","3,741.53","3,747.34","3,722.57",35.61M,0.00%
2019-12-18,"3,739.00","3,744.00","3,755.81","3,739.00",33.48M,-0.17%
2019-12-17,"3,745.28","3,769.14","3,769.14","3,742.62",37.23M,-0.73%
2019-12-16,"3,772.74","3,738.91","3,778.47","3,738.91",30.02M,1.12%
2019-12-13,"3,731.07","3,720.65","3,765.70","3,720.65",49.28M,0.67%
2019-12-12,"3,706.35","3,689.67","3,723.60","3,675.63",40.50M,0.51%
2019-12-11,"3,687.45","3,667.45","3,692.11","3,659.53",26.62M,0.43%
2019-12-10,"3,671.78","3,671.97","3,675.88","3,625.00",28.58M,-0.01%
2019-12-09,"3,672.18","3,691.86","3,691.86","3,671.07",26.45M,-0.55%
2019-12-06,"3,692.34","3,653.23","3,692.71","3,653.23",29.11M,1.21%
2019-12-05,"3,648.13","3,663.00","3,683.07","3,648.13",25.38M,-0.32%
2019-12-04,"3,660.02","3,611.95","3,665.90","3,611.95",32.16M,1.36%
2019-12-03,"3,610.99","3,635.15","3,647.52","3,594.80",37.67M,-0.43%
2019-12-02,"3,626.66","3,703.76","3,729.74","3,623.12",44.66M,-2.08%
2019-11-29,"3,703.58","3,699.34","3,719.83","3,686.94",28.77M,-0.02%
2019-11-28,"3,704.48","3,707.05","3,708.16","3,698.22",20.88M,-0.23%
2019-11-27,"3,712.85","3,708.71","3,721.76","3,704.49",27.54M,0.20%
2019-11-26,"3,705.55","3,708.43","3,711.75","3,694.70",42.78M,-0.06%
2019-11-25,"3,707.68","3,697.49","3,710.87","3,697.49",23.58M,0.55%
2019-11-22,"3,687.32","3,682.22","3,709.88","3,682.22",31.89M,0.21%
2019-11-21,"3,679.66","3,675.75","3,688.37","3,651.51",30.18M,-0.11%
2019-11-20,"3,683.88","3,688.86","3,688.86","3,663.21",30.77M,-0.34%
2019-11-19,"3,696.56","3,704.88","3,733.45","3,688.59",29.83M,-0.23%
2019-11-18,"3,704.92","3,711.18","3,716.79","3,687.30",29.75M,-0.18%
2019-11-15,"3,711.61","3,698.06","3,713.26","3,690.06",33.45M,0.62%
2019-11-14,"3,688.81","3,699.73","3,702.94","3,687.27",31.67M,-0.29%
2019-11-13,"3,699.50","3,710.74","3,710.74","3,679.63",39.60M,-0.34%
2019-11-12,"3,712.20","3,700.49","3,719.40","3,700.11",34.98M,0.42%
2019-11-11,"3,696.82","3,696.97","3,702.78","3,683.33",31.57M,-0.08%
2019-11-08,"3,699.65","3,703.35","3,706.91","3,687.99",42.03M,-0.19%
2019-11-07,"3,706.68","3,694.97","3,708.65","3,694.97",44.58M,0.49%
2019-11-06,"3,688.74","3,675.43","3,692.20","3,671.24",42.30M,0.33%
2019-11-05,"3,676.52","3,666.54","3,678.63","3,661.21",48.16M,0.31%
2019-11-04,"3,665.21","3,631.45","3,671.81","3,631.45",41.80M,1.14%
2019-11-01,"3,623.74","3,610.22","3,633.64","3,607.68",27.79M,0.54%
2019-10-31,"3,604.41","3,625.36","3,631.87","3,593.60",44.94M,-0.44%
2019-10-30,"3,620.29","3,616.25","3,624.53","3,596.30",42.74M,-0.05%
2019-10-29,"3,622.09","3,625.53","3,625.99","3,611.77",34.74M,-0.10%
2019-10-28,"3,625.69","3,623.84","3,637.94","3,614.83",31.46M,0.03%
2019-10-25,"3,624.68","3,622.79","3,631.04","3,604.40",32.17M,0.09%
2019-10-24,"3,621.37","3,611.62","3,626.88","3,607.84",51.63M,0.40%
2019-10-23,"3,606.89","3,595.78","3,608.63","3,585.76",36.31M,0.06%
2019-10-22,"3,604.82","3,600.94","3,609.34","3,586.64",32.15M,0.13%
2019-10-21,"3,600.08","3,583.37","3,608.95","3,578.81",34.60M,0.58%
2019-10-18,"3,579.41","3,587.40","3,596.71","3,571.01",34.80M,-0.26%
2019-10-17,"3,588.62","3,595.73","3,630.43","3,588.62",44.31M,-0.30%
2019-10-16,"3,599.25","3,600.76","3,610.44","3,588.09",46.72M,0.02%
2019-10-15,"3,598.65","3,562.39","3,610.31","3,562.39",42.81M,1.19%
2019-10-14,"3,556.26","3,565.38","3,565.38","3,531.23",25.85M,-0.38%
2019-10-11,"3,569.92","3,494.78","3,569.92","3,490.52",47.63M,2.17%
2019-10-10,"3,493.96","3,469.99","3,501.19","3,445.44",35.74M,0.92%
2019-10-09,"3,462.11","3,433.17","3,473.92","3,427.77",25.25M,0.85%
2019-10-08,"3,432.76","3,473.24","3,476.46","3,426.82",28.96M,-1.11%
2019-10-07,"3,471.24","3,442.14","3,471.88","3,433.87",24.77M,0.71%
2019-10-04,"3,446.71","3,423.75","3,446.71","3,406.44",32.07M,0.86%
2019-10-03,"3,417.37","3,414.14","3,431.24","3,398.64",32.35M,0.12%
2019-10-02,"3,413.31","3,516.88","3,516.88","3,413.31",46.05M,-2.98%
2019-10-01,"3,518.25","3,573.08","3,588.68","3,518.25",35.33M,-1.43%
2019-09-30,"3,569.45","3,545.07","3,570.15","3,536.91",34.92M,0.66%
2019-09-27,"3,545.88","3,534.47","3,553.25","3,534.47",27.26M,0.39%
2019-09-26,"3,532.18","3,509.80","3,538.16","3,506.05",30.75M,0.55%
2019-09-25,"3,513.03","3,526.84","3,526.84","3,480.28",35.38M,-0.54%
2019-09-24,"3,532.05","3,542.53","3,547.98","3,531.65",29.82M,-0.14%
2019-09-23,"3,536.97","3,565.96","3,565.96","3,526.26",35.11M,-0.96%
2019-09-20,"3,571.39","3,552.73","3,578.04","3,546.30",87.16M,0.53%
2019-09-19,"3,552.65","3,527.50","3,554.87","3,524.37",34.83M,0.70%
2019-09-18,"3,528.04","3,520.88","3,536.65","3,518.01",32.02M,0.19%
2019-09-17,"3,521.26","3,517.57","3,527.00","3,506.36",38.65M,0.08%
2019-09-16,"3,518.45","3,540.47","3,540.47","3,518.45",39.32M,-0.89%
2019-09-13,"3,550.11","3,539.93","3,555.85","3,534.38",44.76M,0.32%
2019-09-12,"3,538.86","3,522.04","3,555.10","3,512.59",51.02M,0.63%
2019-09-11,"3,516.82","3,502.24","3,520.95","3,502.24",44.09M,0.51%
2019-09-10,"3,498.99","3,493.80","3,501.68","3,479.58",46.31M,0.11%
2019-09-09,"3,495.02","3,495.85","3,503.05","3,486.75",34.62M,0.00%
2019-09-06,"3,495.19","3,484.86","3,495.87","3,479.62",35.28M,0.30%
2019-09-05,"3,484.70","3,453.99","3,488.48","3,453.99",40.11M,0.98%
2019-09-04,"3,450.83","3,424.98","3,461.06","3,424.98",36.06M,0.88%
2019-09-03,"3,420.74","3,432.22","3,432.22","3,406.55",28.43M,-0.34%
2019-09-02,"3,432.54","3,426.24","3,442.71","3,426.24",20.01M,0.17%
2019-08-30,"3,426.76","3,412.45","3,443.08","3,412.11",39.17M,0.45%
2019-08-29,"3,411.33","3,362.12","3,415.36","3,356.68",42.79M,1.37%
2019-08-28,"3,365.38","3,363.51","3,368.23","3,334.07",28.77M,-0.15%
2019-08-27,"3,370.47","3,348.84","3,380.88","3,334.49",36.63M,0.65%
2019-08-26,"3,348.84","3,329.73","3,360.93","3,318.33",27.18M,0.44%
2019-08-23,"3,334.25","3,382.31","3,394.21","3,334.25",35.52M,-1.17%
2019-08-22,"3,373.67","3,390.05","3,405.35","3,366.44",32.11M,-0.63%
2019-08-21,"3,394.89","3,353.66","3,400.06","3,353.66",27.74M,1.33%
2019-08-20,"3,350.23","3,368.21","3,379.96","3,341.23",29.87M,-0.56%
2019-08-19,"3,369.19","3,332.93","3,377.76","3,332.93",34.74M,1.20%
2019-08-16,"3,329.08","3,286.54","3,333.44","3,286.54",59.94M,1.41%
2019-08-15,"3,282.78","3,294.50","3,306.88","3,239.20",43.56M,-0.18%
2019-08-14,"3,288.70","3,358.12","3,358.73","3,276.01",45.27M,-2.04%
2019-08-13,"3,357.16","3,324.36","3,380.81","3,298.32",45.17M,0.92%
2019-08-12,"3,326.55","3,340.82","3,370.63","3,318.66",31.86M,-0.22%
2019-08-09,"3,333.74","3,366.29","3,367.43","3,326.73",46.24M,-1.23%
2019-08-08,"3,375.38","3,323.77","3,375.38","3,323.77",36.79M,1.98%
2019-08-07,"3,309.99","3,301.31","3,339.07","3,283.13",43.63M,0.56%
2019-08-06,"3,291.66","3,310.08","3,337.54","3,291.66",37.77M,-0.58%
2019-08-05,"3,310.93","3,365.49","3,365.49","3,302.30",46.95M,-1.93%
2019-08-02,"3,376.12","3,473.00","3,473.00","3,368.66",56.48M,-3.26%
2019-08-01,"3,490.03","3,458.01","3,491.16","3,451.60",38.75M,0.67%
2019-07-31,"3,466.85","3,464.69","3,477.35","3,458.11",37.81M,0.12%
2019-07-30,"3,462.85","3,523.97","3,526.53","3,455.13",45.84M,-1.72%
2019-07-29,"3,523.58","3,522.36","3,539.94","3,517.12",24.71M,-0.03%
2019-07-26,"3,524.47","3,511.16","3,526.99","3,506.49",31.68M,0.41%
2019-07-25,"3,510.15","3,538.27","3,573.57","3,491.77",52.07M,-0.64%
2019-07-24,"3,532.90","3,533.30","3,537.71","3,520.84",28.72M,0.00%
2019-07-23,"3,532.87","3,496.86","3,544.34","3,496.86",33.05M,1.23%
2019-07-22,"3,489.92","3,478.77","3,498.69","3,476.43",29.01M,0.28%
2019-07-19,"3,480.18","3,488.68","3,514.33","3,470.40",43.53M,-0.08%
2019-07-18,"3,482.83","3,497.40","3,500.82","3,467.25",33.61M,-0.54%
2019-07-17,"3,501.58","3,520.74","3,529.45","3,497.25",29.00M,-0.56%
2019-07-16,"3,521.36","3,500.89","3,530.11","3,498.34",29.74M,0.55%
2019-07-15,"3,502.22","3,497.99","3,517.84","3,483.17",24.41M,0.13%
2019-07-12,"3,497.63","3,497.02","3,505.79","3,492.18",27.54M,0.03%
2019-07-11,"3,496.73","3,506.33","3,515.77","3,493.77",28.16M,-0.14%
2019-07-10,"3,501.52","3,508.54","3,523.60","3,497.74",32.31M,-0.23%
2019-07-09,"3,509.75","3,522.27","3,522.27","3,492.18",31.26M,-0.40%
2019-07-08,"3,523.76","3,525.21","3,531.47","3,514.41",27.73M,-0.12%
2019-07-05,"3,527.98","3,542.23","3,544.02","3,514.25",32.99M,-0.46%
2019-07-04,"3,544.15","3,541.85","3,549.26","3,537.35",37.79M,0.10%
2019-07-03,"3,540.63","3,507.70","3,540.63","3,507.70",42.94M,0.93%
2019-07-02,"3,507.98","3,498.93","3,511.13","3,491.44",29.39M,0.30%
2019-07-01,"3,497.59","3,476.08","3,519.98","3,476.08",31.31M,0.69%
2019-06-28,"3,473.69","3,442.39","3,476.93","3,442.39",35.34M,0.91%
2019-06-27,"3,442.38","3,444.36","3,454.21","3,424.68",32.94M,-0.02%
2019-06-26,"3,442.95","3,444.28","3,460.16","3,434.33",32.74M,-0.04%
2019-06-25,"3,444.36","3,454.31","3,454.31","3,440.06",28.18M,-0.32%
2019-06-24,"3,455.57","3,466.38","3,473.75","3,449.19",28.75M,-0.33%
2019-06-21,"3,466.92","3,468.73","3,496.79","3,459.04",82.06M,-0.03%
2019-06-20,"3,468.08","3,460.10","3,487.00","3,460.10",51.00M,0.39%
2019-06-19,"3,454.70","3,454.52","3,457.37","3,444.12",38.99M,0.05%
2019-06-18,"3,452.89","3,381.50","3,458.91","3,366.87",51.50M,2.06%
2019-06-17,"3,383.21","3,382.45","3,393.89","3,375.80",24.96M,0.12%
2019-06-14,"3,379.19","3,388.78","3,388.78","3,363.07",27.21M,-0.33%
2019-06-13,"3,390.50","3,384.32","3,401.72","3,373.68",29.11M,0.11%
2019-06-12,"3,386.63","3,398.58","3,398.58","3,376.45",31.07M,-0.43%
2019-06-11,"3,401.10","3,386.73","3,418.18","3,386.73",32.62M,0.43%
2019-06-10,"3,386.45","3,381.52","3,391.37","3,379.67",20.07M,0.24%
2019-06-07,"3,378.38","3,341.33","3,391.05","3,341.33",32.97M,1.20%
2019-06-06,"3,338.41","3,341.29","3,370.80","3,326.90",42.80M,-0.05%
2019-06-05,"3,339.95","3,334.40","3,355.69","3,326.93",34.49M,0.19%
2019-06-04,"3,333.49","3,293.63","3,338.08","3,275.20",43.96M,1.01%
2019-06-03,"3,300.22","3,274.97","3,300.22","3,248.54",36.05M,0.60%
2019-05-31,"3,280.43","3,312.41","3,312.41","3,258.04",50.88M,-1.14%
2019-05-30,"3,318.15","3,301.51","3,323.72","3,301.51",27.51M,0.62%
2019-05-29,"3,297.81","3,337.38","3,337.38","3,288.52",39.71M,-1.52%
2019-05-28,"3,348.86","3,364.23","3,369.91","3,337.77",54.25M,-0.45%
2019-05-27,"3,364.04","3,350.60","3,380.85","3,350.60",20.19M,0.40%
2019-05-24,"3,350.70","3,330.99","3,365.58","3,330.99",36.32M,0.71%
2019-05-23,"3,327.20","3,378.48","3,378.48","3,323.70",46.79M,-1.76%
2019-05-22,"3,386.72","3,384.92","3,396.87","3,359.60",37.22M,0.01%
2019-05-21,"3,386.51","3,371.26","3,395.91","3,370.38",38.71M,0.50%
2019-05-20,"3,369.78","3,417.12","3,426.87","3,360.26",55.33M,-1.63%
2019-05-17,"3,425.64","3,433.69","3,436.45","3,402.56",50.90M,-0.38%
2019-05-16,"3,438.56","3,379.70","3,438.56","3,365.49",44.25M,1.56%
2019-05-15,"3,385.78","3,364.88","3,385.78","3,332.68",45.61M,0.64%
2019-05-14,"3,364.38","3,324.85","3,364.38","3,324.85",37.32M,1.31%
2019-05-13,"3,320.78","3,362.52","3,365.51","3,311.17",40.79M,-1.20%
2019-05-10,"3,361.05","3,353.68","3,386.22","3,349.84",37.07M,0.31%
2019-05-09,"3,350.71","3,401.99","3,401.99","3,346.45",43.42M,-1.95%
2019-05-08,"3,417.26","3,400.19","3,423.96","3,389.07",41.83M,0.47%
2019-05-07,"3,401.16","3,460.56","3,467.64","3,396.90",48.49M,-1.78%
2019-05-06,"3,462.95","3,487.54","3,487.54","3,423.33",33.94M,-1.13%
2019-05-03,"3,502.48","3,489.48","3,510.04","3,486.72",28.07M,0.39%
2019-05-02,"3,488.93","3,505.77","3,511.43","3,487.75",39.61M,-0.73%
2019-05-01,"3,514.62","3,514.62","3,514.62","3,514.62",40.55M,0.00%
2019-04-30,"3,514.62","3,499.71","3,514.62","3,488.10",40.55M,0.36%
2019-04-29,"3,501.94","3,494.47","3,508.76","3,481.08",33.29M,0.04%
2019-04-26,"3,500.41","3,492.06","3,503.46","3,484.13",31.92M,0.24%
2019-04-25,"3,491.92","3,495.41","3,496.40","3,476.28",36.71M,-0.31%
2019-04-24,"3,502.63","3,500.56","3,515.15","3,491.89",41.76M,-0.03%
2019-04-23,"3,503.85","3,494.40","3,506.68","3,487.17",33.09M,0.13%
2019-04-18,"3,499.23","3,477.67","3,506.82","3,464.64",47.45M,0.62%
2019-04-17,"3,477.73","3,466.89","3,486.76","3,459.81",41.37M,0.41%
2019-04-16,"3,463.36","3,450.75","3,465.98","3,450.75",37.20M,0.37%
2019-04-15,"3,450.46","3,448.91","3,456.54","3,443.56",33.92M,0.08%
2019-04-12,"3,447.83","3,432.16","3,454.77","3,425.84",47.00M,0.36%
2019-04-11,"3,435.34","3,430.73","3,442.25","3,412.15",38.02M,0.31%
2019-04-10,"3,424.65","3,418.36","3,435.32","3,418.36",30.19M,0.22%
2019-04-09,"3,417.22","3,437.07","3,450.69","3,416.67",30.88M,-0.61%
2019-04-08,"3,438.06","3,446.15","3,447.11","3,433.47",26.00M,-0.27%
2019-04-05,"3,447.47","3,445.05","3,453.02","3,437.92",32.06M,0.16%
2019-04-04,"3,441.93","3,434.34","3,449.44","3,425.19",34.17M,0.19%
2019-04-03,"3,435.56","3,399.93","3,435.90","3,399.93",37.85M,1.17%
2019-04-02,"3,395.70","3,386.18","3,402.77","3,382.84",29.74M,0.30%
2019-04-01,"3,385.38","3,353.67","3,390.98","3,353.67",39.34M,1.00%
2019-03-29,"3,351.71","3,326.45","3,354.30","3,326.45",37.03M,0.95%
2019-03-28,"3,320.29","3,321.34","3,337.56","3,315.91",32.24M,-0.05%
2019-03-27,"3,322.04","3,322.64","3,344.67","3,302.80",46.17M,0.08%
2019-03-26,"3,319.53","3,302.13","3,326.35","3,293.68",33.04M,0.58%
2019-03-25,"3,300.48","3,297.41","3,313.43","3,281.97",34.96M,-0.16%
2019-03-22,"3,305.73","3,371.68","3,377.93","3,301.60",59.83M,-1.83%
2019-03-21,"3,367.40","3,372.36","3,376.21","3,348.95",35.62M,-0.15%
2019-03-20,"3,372.38","3,404.10","3,406.12","3,372.38",34.00M,-1.07%
2019-03-19,"3,409.00","3,389.81","3,422.34","3,386.26",35.23M,0.62%
2019-03-18,"3,387.94","3,385.46","3,392.63","3,380.65",37.21M,0.05%
2019-03-15,"3,386.08","3,345.06","3,394.32","3,345.06",94.14M,1.32%
2019-03-14,"3,342.03","3,322.92","3,349.85","3,322.92",38.45M,0.56%
2019-03-13,"3,323.45","3,301.81","3,327.35","3,300.17",33.48M,0.59%
2019-03-12,"3,303.95","3,312.32","3,320.24","3,291.91",31.69M,-0.01%
2019-03-11,"3,304.44","3,290.76","3,306.64","3,284.68",30.33M,0.63%
2019-03-08,"3,283.60","3,299.85","3,299.85","3,273.68",46.67M,-0.76%
2019-03-07,"3,308.85","3,321.18","3,337.66","3,293.34",57.84M,-0.48%
2019-03-06,"3,324.67","3,322.96","3,340.67","3,317.98",37.04M,-0.08%
2019-03-05,"3,327.19","3,316.96","3,330.72","3,308.64",34.82M,0.30%
2019-03-04,"3,317.12","3,318.10","3,329.65","3,315.63",29.00M,0.15%
2019-03-01,"3,312.10","3,306.59","3,330.48","3,306.59",39.24M,0.42%
2019-02-28,"3,298.26","3,271.14","3,301.02","3,268.95",52.76M,0.47%
2019-02-27,"3,282.77","3,283.57","3,287.47","3,269.98",43.96M,-0.20%
2019-02-26,"3,289.32","3,275.14","3,293.76","3,261.03",35.40M,0.28%
2019-02-25,"3,280.01","3,275.02","3,289.48","3,275.02",34.42M,0.29%
2019-02-22,"3,270.55","3,263.49","3,281.78","3,259.74",27.40M,0.21%
2019-02-21,"3,263.70","3,261.74","3,270.07","3,254.57",34.68M,0.13%
2019-02-20,"3,259.49","3,241.70","3,264.71","3,236.74",30.86M,0.62%
2019-02-19,"3,239.41","3,242.79","3,251.22","3,223.40",32.34M,-0.17%
2019-02-18,"3,244.79","3,239.10","3,248.14","3,235.57",28.94M,0.11%
2019-02-15,"3,241.25","3,179.38","3,247.34","3,175.71",54.99M,1.84%
2019-02-14,"3,182.66","3,212.95","3,228.11","3,182.66",39.15M,-0.62%
2019-02-13,"3,202.37","3,194.73","3,214.22","3,192.03",35.17M,0.36%
2019-02-12,"3,190.75","3,176.76","3,200.50","3,176.76",35.63M,0.79%
2019-02-11,"3,165.61","3,142.84","3,173.39","3,142.84",34.36M,0.96%
2019-02-08,"3,135.62","3,151.17","3,161.14","3,124.62",39.50M,-0.48%
2019-02-07,"3,150.76","3,204.93","3,208.67","3,150.76",46.94M,-1.93%
2019-02-06,"3,212.75","3,208.43","3,216.13","3,199.03",41.03M,-0.07%
2019-02-05,"3,215.04","3,165.84","3,215.04","3,162.78",51.90M,1.57%
2019-02-04,"3,165.20","3,170.30","3,174.23","3,143.87",34.19M,-0.19%
2019-02-01,"3,171.12","3,162.46","3,171.95","3,143.50",46.65M,0.37%
2019-01-31,"3,159.43","3,163.02","3,177.10","3,129.58",63.22M,-0.07%
2019-01-30,"3,161.74","3,155.80","3,163.34","3,148.84",33.89M,0.26%
2019-01-29,"3,153.42","3,136.15","3,166.24","3,130.75",30.92M,0.51%
2019-01-28,"3,137.27","3,157.00","3,157.00","3,131.26",32.31M,-0.82%
2019-01-25,"3,163.24","3,133.81","3,168.03","3,133.81",39.27M,1.18%
2019-01-24,"3,126.31","3,113.89","3,136.42","3,107.67",39.70M,0.46%
2019-01-23,"3,112.13","3,104.08","3,132.79","3,094.48",33.22M,-0.02%
2019-01-22,"3,112.80","3,120.32","3,122.76","3,097.27",30.95M,-0.39%
2019-01-21,"3,125.07","3,131.85","3,131.85","3,120.03",20.90M,-0.31%
2019-01-18,"3,134.92","3,079.15","3,137.42","3,079.15",49.45M,2.14%
2019-01-17,"3,069.35","3,069.41","3,073.00","3,053.08",33.66M,-0.26%
2019-01-16,"3,077.22","3,073.06","3,083.56","3,062.27",39.00M,0.30%
2019-01-15,"3,068.05","3,066.02","3,088.49","3,044.53",37.74M,0.42%
2019-01-14,"3,055.18","3,060.62","3,063.34","3,037.13",32.14M,-0.48%
2019-01-11,"3,070.04","3,079.59","3,087.66","3,056.36",33.13M,-0.18%
2019-01-10,"3,075.73","3,065.66","3,075.83","3,043.55",31.55M,0.18%
2019-01-09,"3,070.24","3,062.37","3,089.17","3,060.96",40.60M,0.50%
2019-01-08,"3,054.94","3,032.07","3,079.11","3,032.07",40.11M,0.70%
2019-01-07,"3,033.64","3,050.00","3,054.72","3,016.32",33.79M,-0.27%
2019-01-04,"3,041.85","2,964.15","3,050.66","2,964.15",44.43M,2.95%
2019-01-03,"2,954.66","2,978.28","2,984.52","2,950.82",36.17M,-1.29%
2019-01-02,"2,993.18","2,982.80","3,002.52","2,936.76",33.66M,-0.27%
2018-12-31,"3,001.42","2,991.40","3,003.01","2,990.61",22.05M,0.50%
2018-12-28,"2,986.53","2,952.05","2,996.17","2,951.51",33.81M,1.67%
2018-12-27,"2,937.36","2,987.67","2,997.24","2,908.70",47.01M,-1.22%
2018-12-24,"2,973.78","2,993.45","2,993.45","2,973.22",50.59M,-0.89%
2018-12-21,"3,000.61","2,996.92","3,003.06","2,957.56",87.44M,0.02%
2018-12-20,"3,000.06","3,031.32","3,031.32","2,993.40",58.89M,-1.68%
2018-12-19,"3,051.38","3,042.19","3,063.70","3,042.19",48.10M,0.37%
2018-12-18,"3,040.13","3,054.01","3,067.54","3,040.13",44.97M,-0.77%
2018-12-17,"3,063.65","3,088.97","3,092.82","3,053.56",37.71M,-0.94%
2018-12-14,"3,092.60","3,102.09","3,103.17","3,063.23",35.33M,-0.63%
2018-12-13,"3,112.17","3,110.57","3,128.10","3,100.11",46.73M,0.14%
2018-12-12,"3,107.97","3,059.25","3,119.20","3,059.25",48.95M,1.72%
2018-12-11,"3,055.32","3,028.93","3,083.50","3,028.93",43.65M,1.27%
2018-12-10,"3,016.99","3,054.67","3,054.67","3,007.53",44.43M,-1.36%
2018-12-07,"3,058.53","3,057.99","3,097.92","3,057.99",41.13M,0.41%
2018-12-06,"3,045.94","3,139.85","3,139.85","3,033.95",58.19M,-3.31%
2018-12-05,"3,150.27","3,181.68","3,181.68","3,146.11",34.60M,-1.22%
2018-12-04,"3,189.25","3,208.44","3,210.51","3,189.00",36.13M,-0.80%
2018-12-03,"3,214.99","3,187.33","3,244.98","3,187.33",43.20M,1.32%
2018-11-30,"3,173.13","3,178.06","3,182.16","3,159.08",43.62M,-0.03%
2018-11-29,"3,174.16","3,176.31","3,197.90","3,169.85",37.93M,0.19%
2018-11-28,"3,168.29","3,170.96","3,184.68","3,165.83",37.76M,0.06%
2018-11-27,"3,166.42","3,173.14","3,186.84","3,151.89",38.19M,-0.20%
2018-11-26,"3,172.71","3,151.22","3,184.66","3,151.22",46.68M,1.13%
2018-11-23,"3,137.21","3,127.94","3,145.04","3,114.74",26.60M,0.34%
2018-11-22,"3,126.67","3,148.80","3,148.80","3,121.59",30.93M,-0.86%
2018-11-21,"3,153.91","3,124.60","3,156.77","3,124.60",39.77M,1.21%
2018-11-20,"3,116.07","3,153.19","3,153.19","3,100.77",46.13M,-1.40%
2018-11-19,"3,160.33","3,184.51","3,206.58","3,157.95",31.03M,-0.64%
2018-11-16,"3,180.74","3,197.61","3,214.57","3,158.87",48.78M,-0.30%
2018-11-15,"3,190.31","3,210.04","3,227.74","3,164.85",39.59M,-0.47%
2018-11-14,"3,205.36","3,213.35","3,239.99","3,179.08",33.90M,-0.60%
2018-11-13,"3,224.82","3,200.08","3,228.88","3,196.70",35.68M,0.96%
2018-11-12,"3,194.08","3,237.95","3,248.33","3,192.58",31.96M,-1.10%
2018-11-09,"3,229.49","3,233.11","3,234.79","3,204.94",39.67M,-0.25%
2018-11-08,"3,237.60","3,248.70","3,263.72","3,231.80",33.12M,-0.26%
2018-11-07,"3,246.16","3,212.67","3,251.95","3,212.67",43.72M,1.21%
2018-11-06,"3,207.42","3,219.08","3,222.59","3,197.14",34.56M,-0.31%
2018-11-05,"3,217.37","3,215.73","3,230.98","3,210.76",30.72M,0.09%
2018-11-02,"3,214.41","3,217.78","3,251.67","3,214.39",40.69M,0.32%
2018-11-01,"3,204.21","3,196.13","3,227.42","3,192.38",38.41M,0.21%
2018-10-31,"3,197.51","3,160.02","3,210.29","3,160.02",61.63M,1.60%
2018-10-30,"3,147.13","3,157.31","3,169.75","3,123.92",42.35M,-0.25%
2018-10-29,"3,154.93","3,139.03","3,182.23","3,138.70",40.85M,0.64%
2018-10-26,"3,134.89","3,157.11","3,157.11","3,090.85",54.19M,-0.93%
2018-10-25,"3,164.40","3,126.69","3,166.44","3,107.88",52.19M,1.09%
2018-10-24,"3,130.33","3,144.16","3,185.99","3,128.93",44.59M,-0.34%
2018-10-23,"3,140.94","3,179.07","3,179.07","3,132.29",51.16M,-1.54%
2018-10-22,"3,190.09","3,217.55","3,245.87","3,187.50",42.62M,-0.65%
2018-10-19,"3,210.82","3,210.82","3,225.64","3,183.20",65.46M,-0.02%
2018-10-18,"3,211.59","3,241.79","3,258.34","3,211.59",48.62M,-0.97%
2018-10-17,"3,243.08","3,260.29","3,282.23","3,230.30",37.55M,-0.44%
2018-10-16,"3,257.34","3,211.47","3,260.81","3,208.14",41.60M,1.46%
2018-10-15,"3,210.37","3,193.79","3,214.91","3,180.61",31.36M,0.50%
2018-10-12,"3,194.41","3,219.19","3,245.16","3,193.40",43.63M,-0.46%
2018-10-11,"3,209.19","3,245.58","3,254.37","3,206.20",58.43M,-1.77%
2018-10-10,"3,266.90","3,321.59","3,321.59","3,266.23",45.42M,-1.65%
2018-10-09,"3,321.79","3,311.34","3,327.53","3,278.02",49.33M,0.36%
2018-10-08,"3,309.72","3,338.02","3,338.02","3,306.28",40.63M,-1.07%
2018-10-05,"3,345.51","3,374.27","3,377.70","3,343.67",38.44M,-0.88%
2018-10-04,"3,375.08","3,400.12","3,400.15","3,371.22",43.22M,-0.89%
2018-10-03,"3,405.48","3,395.16","3,414.23","3,389.52",39.81M,0.49%
2018-10-02,"3,388.99","3,403.59","3,403.59","3,370.95",47.62M,-0.74%
2018-10-01,"3,414.16","3,399.96","3,425.45","3,398.34",40.33M,0.44%
2018-09-28,"3,399.20","3,440.40","3,440.40","3,380.27",70.05M,-1.47%
2018-09-27,"3,449.79","3,429.58","3,452.41","3,408.48",38.36M,0.48%
2018-09-26,"3,433.15","3,421.90","3,433.74","3,415.58",34.22M,0.39%
2018-09-25,"3,419.78","3,410.05","3,425.64","3,408.70",35.90M,0.27%
2018-09-24,"3,410.44","3,426.85","3,426.85","3,405.42",33.50M,-0.59%
2018-09-21,"3,430.81","3,407.46","3,436.48","3,407.46",123.50M,0.81%
2018-09-20,"3,403.12","3,369.00","3,409.22","3,368.37",54.59M,1.03%
2018-09-19,"3,368.56","3,359.87","3,373.90","3,351.64",45.42M,0.30%
2018-09-18,"3,358.46","3,343.99","3,368.31","3,337.37",35.56M,0.37%
2018-09-17,"3,346.11","3,340.04","3,351.35","3,333.47",34.80M,0.04%
2018-09-14,"3,344.63","3,339.31","3,351.53","3,334.24",30.79M,0.33%
2018-09-13,"3,333.68","3,325.44","3,354.07","3,323.09",37.02M,0.21%
2018-09-12,"3,326.60","3,313.98","3,329.55","3,304.80",43.34M,0.45%
2018-09-11,"3,311.66","3,313.09","3,318.59","3,286.97",35.78M,0.07%
2018-09-10,"3,309.28","3,291.65","3,323.55","3,288.97",42.17M,0.48%
2018-09-07,"3,293.36","3,298.01","3,305.63","3,274.40",43.07M,-0.08%
2018-09-06,"3,295.95","3,315.88","3,328.69","3,295.95",39.78M,-0.59%
2018-09-05,"3,315.62","3,352.71","3,352.71","3,315.42",54.14M,-1.30%
2018-09-04,"3,359.36","3,401.25","3,408.25","3,343.98",44.82M,-1.05%
2018-09-03,"3,394.99","3,391.82","3,397.24","3,382.02",23.26M,0.06%
2018-08-31,"3,392.90","3,428.63","3,428.63","3,389.92",42.81M,-1.11%
2018-08-30,"3,430.99","3,452.94","3,452.94","3,423.42",34.61M,-0.73%
2018-08-29,"3,456.13","3,448.44","3,457.84","3,438.15",26.71M,0.25%
2018-08-28,"3,447.57","3,459.12","3,463.03","3,447.55",32.42M,-0.24%
2018-08-27,"3,456.01","3,435.12","3,460.72","3,433.59",19.73M,0.83%
2018-08-24,"3,427.44","3,419.45","3,436.55","3,419.45",23.01M,0.24%
2018-08-23,"3,419.26","3,420.60","3,430.37","3,416.10",25.14M,-0.03%
2018-08-22,"3,420.18","3,408.28","3,429.59","3,404.87",30.09M,0.25%
2018-08-21,"3,411.66","3,390.26","3,424.00","3,387.04",29.32M,0.53%
2018-08-20,"3,393.67","3,376.38","3,405.17","3,376.38",23.00M,0.61%
2018-08-17,"3,372.94","3,378.49","3,385.74","3,354.30",37.45M,-0.14%
2018-08-16,"3,377.56","3,366.01","3,381.63","3,357.49",35.45M,0.55%
2018-08-15,"3,359.08","3,411.27","3,422.86","3,349.14",38.55M,-1.48%
2018-08-14,"3,409.44","3,415.08","3,435.12","3,398.38",34.59M,-0.01%
2018-08-13,"3,409.68","3,423.37","3,424.23","3,400.23",41.68M,-0.48%
2018-08-10,"3,426.28","3,486.31","3,486.31","3,413.68",58.23M,-1.94%
2018-08-09,"3,494.13","3,490.37","3,496.97","3,478.28",27.20M,0.02%
2018-08-08,"3,493.60","3,502.17","3,509.31","3,486.57",30.39M,-0.31%
2018-08-07,"3,504.37","3,487.03","3,514.97","3,487.03",27.82M,0.60%
2018-08-06,"3,483.30","3,483.19","3,502.35","3,472.01",29.32M,0.03%
2018-08-03,"3,482.40","3,474.82","3,491.47","3,470.26",33.50M,0.38%
2018-08-02,"3,469.21","3,505.11","3,505.11","3,460.14",52.67M,-1.14%
2018-08-01,"3,509.23","3,527.82","3,531.61","3,506.68",45.24M,-0.46%
2018-07-31,"3,525.49","3,512.03","3,536.87","3,509.10",45.89M,0.38%
2018-07-30,"3,512.31","3,517.56","3,521.42","3,511.90",26.94M,-0.42%
2018-07-27,"3,527.18","3,512.74","3,529.39","3,509.67",36.21M,0.51%
2018-07-26,"3,509.26","3,472.82","3,509.38","3,472.82",41.71M,1.18%
2018-07-25,"3,468.45","3,482.31","3,486.04","3,460.00",32.69M,-0.43%
2018-07-24,"3,483.31","3,460.66","3,493.98","3,460.48",36.65M,0.85%
2018-07-23,"3,454.05","3,453.91","3,460.40","3,439.68",26.11M,-0.17%
2018-07-20,"3,460.03","3,466.41","3,481.83","3,431.95",43.73M,-0.33%
2018-07-19,"3,471.64","3,481.41","3,486.98","3,466.72",31.41M,-0.39%
2018-07-18,"3,485.08","3,468.51","3,487.00","3,468.51",33.39M,0.80%
2018-07-17,"3,457.50","3,445.34","3,461.93","3,429.96",32.89M,0.24%
2018-07-16,"3,449.08","3,455.17","3,464.39","3,441.88",26.85M,-0.16%
2018-07-13,"3,454.54","3,454.29","3,466.26","3,447.87",29.76M,0.26%
2018-07-12,"3,445.49","3,427.21","3,446.55","3,418.06",30.42M,0.68%
2018-07-11,"3,422.35","3,454.66","3,454.66","3,422.35",34.33M,-1.47%
2018-07-10,"3,473.31","3,465.25","3,480.44","3,455.98",32.94M,0.37%
2018-07-09,"3,460.44","3,458.45","3,471.50","3,451.96",27.27M,0.35%
2018-07-06,"3,448.49","3,449.50","3,453.91","3,430.31",34.56M,0.22%
2018-07-05,"3,440.92","3,411.24","3,459.91","3,411.24",41.15M,0.85%
2018-07-04,"3,412.03","3,402.02","3,417.69","3,400.45",26.70M,0.17%
2018-07-03,"3,406.34","3,382.68","3,420.38","3,379.01",36.55M,1.01%
2018-07-02,"3,372.21","3,375.56","3,386.07","3,345.09",36.34M,-0.69%
2018-06-29,"3,395.60","3,389.44","3,420.97","3,389.44",44.19M,0.89%
2018-06-28,"3,365.52","3,383.43","3,403.36","3,347.94",39.15M,-0.93%
2018-06-27,"3,397.13","3,368.12","3,424.60","3,340.85",48.50M,0.84%
2018-06-26,"3,368.72","3,379.14","3,387.09","3,363.33",33.46M,-0.01%
2018-06-25,"3,369.21","3,422.60","3,425.40","3,369.21",33.40M,-2.10%
2018-06-22,"3,441.60","3,407.29","3,441.60","3,407.29",32.63M,1.12%
2018-06-21,"3,403.51","3,442.69","3,456.61","3,395.27",40.38M,-1.05%
2018-06-20,"3,439.60","3,443.51","3,461.65","3,437.24",40.26M,0.13%
2018-06-19,"3,435.30","3,459.54","3,459.54","3,410.41",39.79M,-0.90%
2018-06-18,"3,466.65","3,500.25","3,500.90","3,451.90",35.99M,-1.09%
2018-06-15,"3,505.02","3,528.71","3,540.64","3,505.02",86.12M,-0.63%
2018-06-14,"3,527.11","3,466.43","3,534.31","3,457.12",54.64M,1.37%
2018-06-13,"3,479.56","3,475.29","3,488.13","3,464.26",42.69M,0.11%
2018-06-12,"3,475.58","3,490.76","3,497.03","3,472.64",40.64M,-0.13%
2018-06-11,"3,480.22","3,451.50","3,483.70","3,451.50",54.67M,0.95%
2018-06-08,"3,447.30","3,452.35","3,454.12","3,422.03",44.13M,-0.36%
2018-06-07,"3,459.77","3,468.52","3,489.96","3,449.69",41.78M,-0.03%
2018-06-06,"3,460.82","3,457.45","3,470.51","3,434.35",53.70M,0.12%
2018-06-05,"3,456.79","3,467.26","3,497.32","3,456.79",49.75M,-0.37%
2018-06-04,"3,469.57","3,465.25","3,485.33","3,463.33",44.30M,0.46%
2018-06-01,"3,453.54","3,420.84","3,468.14","3,420.84",62.93M,1.38%
2018-05-31,"3,406.65","3,445.07","3,455.15","3,391.01",84.11M,-1.00%
2018-05-30,"3,441.19","3,420.79","3,446.28","3,408.56",72.89M,0.38%
2018-05-29,"3,428.14","3,467.09","3,467.09","3,398.32",92.41M,-1.56%
2018-05-28,"3,482.64","3,511.29","3,540.03","3,473.35",48.63M,-0.93%
2018-05-25,"3,515.36","3,526.43","3,551.82","3,493.61",65.53M,-0.18%
2018-05-24,"3,521.76","3,543.09","3,560.56","3,507.39",45.06M,-0.57%
2018-05-23,"3,541.82","3,580.67","3,580.67","3,528.12",46.94M,-1.27%
2018-05-22,"3,587.25","3,575.22","3,595.10","3,572.38",46.54M,0.41%
2018-05-21,"3,572.57","3,572.48","3,584.49","3,570.97",33.72M,-0.03%
2018-05-18,"3,573.76","3,582.56","3,596.20","3,566.53",71.74M,-0.51%
2018-05-17,"3,592.18","3,562.24","3,592.18","3,562.24",43.85M,0.82%
2018-05-16,"3,562.85","3,562.54","3,567.60","3,550.90",54.10M,-0.04%
2018-05-15,"3,564.29","3,562.46","3,570.33","3,552.23",39.19M,-0.04%
2018-05-14,"3,565.74","3,564.90","3,568.53","3,553.67",29.12M,0.01%
2018-05-11,"3,565.52","3,565.15","3,569.72","3,556.22",30.06M,-0.12%
2018-05-10,"3,569.71","3,564.83","3,574.09","3,549.26",36.45M,0.00%
2018-05-09,"3,569.74","3,559.92","3,570.63","3,556.96",41.72M,0.33%
2018-05-08,"3,557.88","3,562.51","3,564.73","3,541.94",47.02M,-0.18%
2018-05-07,"3,564.19","3,545.47","3,566.06","3,540.14",24.92M,0.38%
2018-05-04,"3,550.59","3,531.40","3,550.59","3,524.48",37.92M,0.61%
2018-05-03,"3,529.12","3,548.09","3,549.14","3,523.00",34.61M,-0.69%
2018-05-02,"3,553.79","3,532.87","3,557.87","3,531.84",41.39M,0.50%
2018-05-01,"3,536.26","3,536.42","3,536.63","3,536.07",36.45M,-0.01%
2018-04-30,"3,536.52","3,516.71","3,538.17","3,512.70",36.59M,0.50%
2018-04-27,"3,518.78","3,510.28","3,522.59","3,503.59",35.68M,0.36%
2018-04-26,"3,506.03","3,485.97","3,507.83","3,477.23",38.94M,0.58%
2018-04-25,"3,485.83","3,500.60","3,500.60","3,464.35",41.55M,-0.71%
2018-04-24,"3,510.88","3,509.40","3,523.81","3,493.88",44.01M,-0.06%
2018-04-23,"3,513.06","3,494.07","3,514.65","3,482.27",31.61M,0.54%
2018-04-20,"3,494.20","3,484.56","3,505.44","3,479.24",41.53M,0.22%
2018-04-19,"3,486.60","3,492.91","3,495.39","3,478.63",29.42M,-0.12%
2018-04-18,"3,490.89","3,476.59","3,494.82","3,476.59",34.24M,0.37%
2018-04-17,"3,477.91","3,444.39","3,486.53","3,444.39",37.66M,1.07%
2018-04-16,"3,441.04","3,450.39","3,455.03","3,435.58",24.56M,-0.20%
2018-04-13,"3,448.00","3,445.03","3,466.99","3,438.93",35.10M,0.12%
2018-04-12,"3,443.97","3,419.60","3,447.52","3,413.68",30.99M,0.71%
2018-04-11,"3,419.71","3,435.64","3,435.64","3,411.63",31.70M,-0.55%
2018-04-10,"3,438.78","3,425.82","3,445.34","3,425.82",32.26M,0.70%
2018-04-09,"3,414.85","3,413.89","3,433.68","3,403.20",27.51M,0.20%
2018-04-06,"3,408.10","3,419.94","3,421.73","3,399.97",31.62M,-0.64%
2018-04-05,"3,429.95","3,353.71","3,433.81","3,353.71",42.51M,2.68%
2018-04-04,"3,340.35","3,345.76","3,350.97","3,300.50",38.93M,-0.20%
2018-04-03,"3,346.93","3,349.02","3,359.12","3,324.45",33.83M,-0.43%
2018-03-29,"3,361.50","3,335.69","3,379.38","3,333.25",39.40M,0.91%
2018-03-28,"3,331.25","3,306.34","3,331.25","3,267.96",46.33M,0.43%
2018-03-27,"3,316.95","3,286.70","3,336.80","3,286.70",37.50M,1.17%
2018-03-26,"3,278.72","3,301.50","3,320.86","3,261.86",40.83M,-0.59%
2018-03-23,"3,298.07","3,339.70","3,339.70","3,279.46",55.40M,-1.50%
2018-03-22,"3,348.19","3,393.61","3,394.38","3,320.09",52.81M,-1.55%
2018-03-21,"3,401.04","3,413.67","3,418.43","3,387.29",36.46M,-0.32%
2018-03-20,"3,412.08","3,398.88","3,415.35","3,383.17",30.71M,0.51%
2018-03-19,"3,394.79","3,430.60","3,430.60","3,386.86",35.46M,-1.24%
2018-03-16,"3,437.40","3,412.86","3,448.63","3,411.82",95.28M,0.68%
2018-03-15,"3,414.13","3,394.31","3,419.01","3,391.11",40.89M,0.68%
2018-03-14,"3,390.98","3,397.48","3,417.00","3,384.20",38.00M,-0.19%
2018-03-13,"3,397.35","3,430.57","3,446.42","3,385.64",41.76M,-0.94%
2018-03-12,"3,429.48","3,434.51","3,444.04","3,417.97",30.10M,0.26%
2018-03-09,"3,420.54","3,410.95","3,435.04","3,403.06",33.62M,0.21%
2018-03-08,"3,413.28","3,376.65","3,419.33","3,374.77",38.27M,1.06%
2018-03-07,"3,377.36","3,354.26","3,384.29","3,337.39",35.09M,0.58%
2018-03-06,"3,357.86","3,366.56","3,390.81","3,357.86",39.65M,0.08%
2018-03-05,"3,355.32","3,314.74","3,360.45","3,309.25",48.11M,0.92%
2018-03-02,"3,324.75","3,386.54","3,386.54","3,316.75",53.95M,-2.19%
2018-03-01,"3,399.16","3,429.96","3,435.28","3,387.02",41.80M,-1.16%
2018-02-28,"3,438.96","3,451.47","3,462.98","3,434.04",40.37M,-0.55%
2018-02-27,"3,458.03","3,468.28","3,476.21","3,448.53",38.10M,-0.15%
2018-02-26,"3,463.18","3,449.16","3,469.98","3,449.16",31.48M,0.63%
2018-02-23,"3,441.46","3,435.74","3,444.23","3,423.62",37.60M,0.28%
2018-02-22,"3,431.99","3,418.53","3,440.19","3,393.28",44.12M,0.05%
2018-02-21,"3,430.16","3,431.68","3,432.97","3,405.35",34.09M,-0.14%
2018-02-20,"3,435.08","3,407.66","3,436.21","3,398.92",37.01M,0.80%
2018-02-19,"3,407.79","3,432.53","3,436.68","3,404.09",25.87M,-0.55%
2018-02-16,"3,426.80","3,398.61","3,432.07","3,398.61",48.77M,1.10%
2018-02-15,"3,389.63","3,373.91","3,414.34","3,373.91",46.75M,0.59%
2018-02-14,"3,369.83","3,350.46","3,381.13","3,314.50",55.13M,0.87%
2018-02-13,"3,340.93","3,367.69","3,375.23","3,340.93",38.66M,-0.81%
2018-02-12,"3,368.25","3,334.17","3,387.07","3,334.17",43.55M,1.27%
2018-02-09,"3,325.99","3,372.19","3,379.46","3,306.66",71.22M,-1.52%
2018-02-08,"3,377.30","3,433.19","3,443.75","3,360.54",63.05M,-2.24%
2018-02-07,"3,454.52","3,408.10","3,465.90","3,402.34",67.13M,1.76%
2018-02-06,"3,394.92","3,415.57","3,440.38","3,362.85",96.28M,-2.41%
2018-02-05,"3,478.77","3,517.24","3,517.24","3,474.85",49.35M,-1.26%
2018-02-02,"3,523.28","3,570.95","3,570.95","3,523.28",50.23M,-1.51%
2018-02-01,"3,577.35","3,616.16","3,636.22","3,567.20",49.68M,-0.88%
2018-01-31,"3,609.29","3,605.70","3,620.94","3,600.36",41.89M,0.07%
2018-01-30,"3,606.75","3,633.26","3,633.35","3,601.39",44.03M,-1.00%
2018-01-29,"3,643.04","3,648.41","3,651.21","3,636.05",35.50M,-0.12%
2018-01-26,"3,647.41","3,631.29","3,652.48","3,630.43",31.15M,0.48%
2018-01-25,"3,630.15","3,640.71","3,659.33","3,614.06",40.96M,-0.36%
2018-01-24,"3,643.22","3,671.01","3,674.50","3,643.22",34.41M,-0.79%
2018-01-23,"3,672.29","3,675.44","3,687.22","3,662.86",37.42M,0.19%
2018-01-22,"3,665.28","3,650.78","3,665.53","3,644.86",38.16M,0.44%
2018-01-19,"3,649.07","3,622.22","3,653.03","3,619.23",39.83M,0.78%
2018-01-18,"3,620.91","3,616.75","3,628.13","3,606.20",36.55M,0.23%
2018-01-17,"3,612.78","3,613.09","3,624.68","3,603.30",33.91M,-0.25%
2018-01-16,"3,622.01","3,613.10","3,639.05","3,611.56",36.41M,0.28%
2018-01-15,"3,611.81","3,612.73","3,623.44","3,603.47",26.83M,-0.02%
2018-01-12,"3,612.61","3,597.19","3,616.01","3,597.19",37.52M,0.48%
2018-01-11,"3,595.24","3,613.99","3,617.75","3,588.07",47.52M,-0.40%
2018-01-10,"3,609.83","3,619.88","3,625.35","3,599.14",55.64M,-0.36%
2018-01-09,"3,622.87","3,617.48","3,629.73","3,614.16",32.58M,0.18%
2018-01-08,"3,616.45","3,610.97","3,624.74","3,608.82",29.13M,0.24%
2018-01-05,"3,607.63","3,570.51","3,608.70","3,570.51",36.51M,1.09%
2018-01-04,"3,568.88","3,520.84","3,580.47","3,520.84",44.99M,1.68%
2018-01-03,"3,509.88","3,492.90","3,519.73","3,488.91",34.35M,0.56%
2018-01-02,"3,490.19","3,506.50","3,508.37","3,469.23",35.38M,-0.39%
2017-12-29,"3,503.96","3,524.12","3,524.24","3,503.20",27.80M,-0.58%
2017-12-28,"3,524.31","3,549.45","3,549.75","3,519.85",22.97M,-0.73%
2017-12-27,"3,550.17","3,553.16","3,568.91","3,541.43",20.51M,-0.09%
2017-12-22,"3,553.39","3,565.99","3,565.99","3,548.47",25.94M,-0.49%
2017-12-21,"3,570.78","3,550.84","3,574.96","3,534.22",33.69M,0.51%
2017-12-20,"3,552.65","3,580.58","3,585.62","3,545.64",30.58M,-0.83%
2017-12-19,"3,582.22","3,609.18","3,613.57","3,581.95",28.53M,-0.75%
2017-12-18,"3,609.42","3,568.00","3,613.41","3,568.00",37.54M,1.37%
2017-12-15,"3,560.53","3,554.37","3,562.66","3,542.85",75.58M,0.12%
2017-12-14,"3,556.22","3,578.82","3,582.53","3,556.22",43.99M,-0.71%
2017-12-13,"3,581.75","3,599.92","3,601.89","3,581.75",41.64M,-0.52%
2017-12-12,"3,600.35","3,584.67","3,600.35","3,568.53",39.41M,0.51%
2017-12-11,"3,582.21","3,594.70","3,601.22","3,579.18",32.86M,-0.26%
2017-12-08,"3,591.45","3,577.00","3,612.39","3,577.00",43.54M,0.51%
2017-12-07,"3,573.13","3,561.99","3,579.52","3,558.50",30.60M,0.32%
2017-12-06,"3,561.57","3,561.94","3,569.34","3,531.57",33.97M,-0.25%
2017-12-05,"3,570.57","3,572.78","3,583.08","3,552.34",30.86M,-0.16%
2017-12-04,"3,576.22","3,536.38","3,585.68","3,536.38",34.55M,1.38%
2017-12-01,"3,527.55","3,571.63","3,575.29","3,524.36",42.61M,-1.19%
2017-11-30,"3,569.93","3,593.53","3,614.60","3,569.93",49.27M,-0.56%
2017-11-29,"3,589.91","3,593.83","3,619.43","3,585.51",39.45M,0.18%
2017-11-28,"3,583.49","3,565.80","3,587.28","3,559.13",26.21M,0.55%
2017-11-27,"3,564.02","3,576.18","3,596.79","3,564.02",27.64M,-0.48%
2017-11-24,"3,581.23","3,571.86","3,601.16","3,568.55",25.48M,0.26%
2017-11-23,"3,572.07","3,558.22","3,581.01","3,545.57",25.10M,0.26%
2017-11-22,"3,562.65","3,581.21","3,596.64","3,562.53",31.50M,-0.47%
2017-11-21,"3,579.32","3,557.27","3,591.53","3,551.40",35.94M,0.50%
2017-11-20,"3,561.41","3,545.52","3,567.07","3,536.21",30.70M,0.39%
2017-11-17,"3,547.46","3,564.96","3,572.16","3,541.22",40.47M,-0.49%
2017-11-16,"3,564.80","3,549.29","3,576.86","3,549.29",34.15M,0.54%
2017-11-15,"3,545.72","3,554.05","3,554.05","3,519.35",43.16M,-0.30%
2017-11-14,"3,556.38","3,576.88","3,588.33","3,546.20",32.99M,-0.51%
2017-11-13,"3,574.52","3,596.70","3,601.45","3,546.32",34.37M,-0.54%
2017-11-10,"3,593.76","3,614.91","3,620.01","3,591.15",35.86M,-0.52%
2017-11-09,"3,612.50","3,655.59","3,661.05","3,610.01",38.64M,-1.16%
2017-11-08,"3,655.04","3,660.71","3,667.69","3,642.10",39.24M,-0.10%
2017-11-07,"3,658.77","3,684.23","3,695.32","3,656.18",38.24M,-0.64%
2017-11-06,"3,682.36","3,684.26","3,685.75","3,670.47",32.31M,-0.21%
2017-11-03,"3,689.96","3,691.57","3,694.03","3,677.39",33.90M,0.03%
2017-11-02,"3,688.80","3,693.40","3,698.56","3,673.25",35.07M,-0.23%
2017-11-01,"3,697.40","3,676.99","3,708.82","3,676.99",38.62M,0.64%
2017-10-31,"3,673.95","3,664.69","3,677.66","3,662.77",31.50M,0.32%
2017-10-30,"3,662.18","3,653.02","3,668.55","3,653.02",35.18M,0.27%
2017-10-27,"3,652.23","3,642.79","3,670.00","3,642.79",51.03M,0.41%
2017-10-26,"3,637.20","3,593.99","3,639.81","3,580.21",61.64M,1.27%
2017-10-25,"3,591.46","3,609.02","3,622.62","3,585.32",35.04M,-0.53%
2017-10-24,"3,610.69","3,606.64","3,624.73","3,605.03",33.73M,0.05%
2017-10-23,"3,608.87","3,606.71","3,625.65","3,597.08",26.54M,0.10%
2017-10-20,"3,605.09","3,608.75","3,617.52","3,600.05",35.95M,0.08%
2017-10-19,"3,602.08","3,616.49","3,616.49","3,586.35",36.81M,-0.49%
2017-10-18,"3,619.65","3,608.02","3,625.87","3,607.21",27.44M,0.33%
2017-10-17,"3,607.77","3,609.30","3,619.66","3,598.12",29.55M,0.04%
2017-10-16,"3,606.27","3,607.18","3,613.49","3,600.22",30.70M,0.05%
2017-10-13,"3,604.55","3,607.09","3,618.35","3,599.51",29.30M,-0.03%
2017-10-12,"3,605.54","3,608.16","3,608.16","3,595.56",26.68M,-0.05%
2017-10-11,"3,607.39","3,600.17","3,608.51","3,591.24",41.15M,0.24%
2017-10-10,"3,598.79","3,607.00","3,609.04","3,589.98",33.72M,-0.32%
2017-10-09,"3,610.50","3,604.61","3,618.34","3,600.94",27.57M,0.20%
2017-10-06,"3,603.32","3,614.17","3,614.17","3,595.50",32.36M,-0.28%
2017-10-05,"3,613.54","3,592.66","3,613.73","3,589.66",40.91M,0.52%
2017-10-04,"3,594.91","3,606.60","3,608.45","3,584.82",50.61M,-0.30%
2017-10-03,"3,605.73","3,605.99","3,607.31","3,598.71",20.15M,0.08%
2017-10-02,"3,602.69","3,590.71","3,602.69","3,588.40",34.63M,0.22%
