"Date","Price","Open","High","Low","Vol.","Change %"
"01/30/2023","3,278.70","3,308.87","3,310.47","3,272.72","282.29K","0.43%"
"01/20/2023","3,264.81","3,247.20","3,267.06","3,247.20","27.32B","0.76%"
"01/19/2023","3,240.28","3,221.52","3,240.28","3,210.38","22.65B","0.49%"
"01/18/2023","3,224.41","3,227.59","3,234.82","3,220.37","21.21B","0.00%"
"01/17/2023","3,224.24","3,229.44","3,231.26","3,211.76","22.66B","-0.10%"
"01/16/2023","3,227.59","3,198.52","3,251.37","3,197.32","30.67B","1.01%"
"01/13/2023","3,195.31","3,170.35","3,195.31","3,167.51","22.02B","1.01%"
"01/12/2023","3,163.45","3,167.27","3,171.59","3,153.40","21.67B","0.05%"
"01/11/2023","3,161.84","3,172.38","3,184.76","3,160.89","23.77B","-0.24%"
"01/10/2023","3,169.51","3,178.02","3,178.16","3,165.14","23.30B","-0.21%"
"01/09/2023","3,176.08","3,169.37","3,183.58","3,165.43","25.81B","0.58%"
"01/06/2023","3,157.64","3,155.07","3,170.74","3,151.84","25.74B","0.08%"
"01/05/2023","3,155.22","3,132.76","3,159.43","3,130.23","25.70B","1.01%"
"01/04/2023","3,123.52","3,117.57","3,129.09","3,109.45","27.33B","0.22%"
"01/03/2023","3,116.51","3,087.51","3,119.86","3,073.05","28.14B","0.88%"
"12/30/2022","3,089.26","3,084.52","3,096.31","3,082.20","21.75B","0.51%"
"12/29/2022","3,073.70","3,076.73","3,086.00","3,064.46","21.56B","-0.44%"
"12/28/2022","3,087.40","3,088.62","3,098.65","3,079.43","22.46B","-0.26%"
"12/27/2022","3,095.57","3,077.75","3,098.08","3,074.31","22.22B","0.98%"
"12/26/2022","3,065.56","3,048.20","3,071.84","3,047.35","20.65B","0.65%"
"12/23/2022","3,045.87","3,038.84","3,061.87","3,031.54","19.20B","-0.28%"
"12/22/2022","3,054.43","3,085.80","3,096.24","3,044.60","22.36B","-0.46%"
"12/21/2022","3,068.41","3,078.33","3,085.80","3,060.55","18.91B","-0.17%"
"12/20/2022","3,073.77","3,098.95","3,100.75","3,061.51","21.88B","-1.07%"
"12/19/2022","3,107.11","3,165.31","3,170.26","3,096.10","27.85B","-1.92%"
"12/16/2022","3,167.86","3,156.14","3,175.35","3,151.61","25.98B","-0.02%"
"12/15/2022","3,168.65","3,177.20","3,179.10","3,158.45","24.30B","-0.25%"
"12/14/2022","3,176.53","3,178.55","3,189.83","3,168.59","26.56B","0.01%"
"12/13/2022","3,176.33","3,179.44","3,187.20","3,171.48","28.58B","-0.09%"
"12/12/2022","3,179.04","3,195.87","3,196.72","3,176.58","33.34B","-0.87%"
"12/09/2022","3,206.95","3,197.12","3,212.11","3,182.91","373.34K","0.30%"
"12/08/2022","3,197.35","3,196.02","3,206.72","3,187.26","32.10B","-0.07%"
"12/07/2022","3,199.62","3,204.94","3,226.08","3,188.67","35.41B","-0.40%"
"12/06/2022","3,212.53","3,200.27","3,224.82","3,195.08","37.36B","0.02%"
"12/05/2022","3,211.81","3,181.92","3,213.44","3,177.06","44.74B","1.76%"
"12/02/2022","3,156.14","3,160.58","3,170.90","3,149.84","30.78B","-0.29%"
"12/01/2022","3,165.47","3,187.99","3,198.41","3,164.53","38.70B","0.45%"
"11/30/2022","3,151.34","3,141.40","3,158.57","3,137.37","37.27B","0.05%"
"11/29/2022","3,149.75","3,096.11","3,152.00","3,096.11","39.15B","2.31%"
"11/28/2022","3,078.55","3,055.29","3,080.18","3,034.70","30.58B","-0.75%"
"11/25/2022","3,101.69","3,085.46","3,111.42","3,077.97","31.14B","0.40%"
"11/24/2022","3,089.31","3,104.10","3,113.24","3,084.86","26.75B","-0.25%"
"11/23/2022","3,096.91","3,084.74","3,108.24","3,075.32","32.62B","0.26%"
"11/22/2022","3,088.94","3,084.23","3,118.12","3,076.32","32.76B","0.13%"
"11/21/2022","3,085.04","3,078.06","3,085.24","3,056.17","25.60B","-0.39%"
"11/18/2022","3,097.24","3,116.73","3,126.71","3,096.89","30.00B","-0.58%"
"11/17/2022","3,115.43","3,110.96","3,115.44","3,087.17","28.70B","-0.15%"
"11/16/2022","3,119.98","3,133.65","3,145.75","3,115.35","30.34B","-0.45%"
"11/15/2022","3,134.08","3,081.14","3,135.59","3,074.50","33.15B","1.64%"
"11/14/2022","3,083.40","3,100.87","3,121.41","3,075.22","36.18B","-0.13%"
"11/11/2022","3,087.29","3,099.65","3,117.74","3,070.30","40.96B","1.69%"
"11/10/2022","3,036.13","3,031.69","3,047.98","3,022.85","27.04B","-0.39%"
"11/09/2022","3,048.17","3,064.46","3,073.92","3,046.19","23.56B","-0.53%"
"11/08/2022","3,064.49","3,077.31","3,078.28","3,047.46","25.65B","-0.43%"
"11/07/2022","3,077.82","3,062.86","3,088.19","3,054.46","32.06B","0.23%"
"11/04/2022","3,070.80","2,997.00","3,081.59","2,997.00","32.98B","2.43%"
"11/03/2022","2,997.81","2,981.20","3,003.72","2,977.72","25.93B","-0.19%"
"11/02/2022","3,003.37","2,960.65","3,019.05","2,954.95","32.51B","1.15%"
"11/01/2022","2,969.20","2,899.50","2,969.20","2,896.76","31.98B","2.62%"
"10/31/2022","2,893.48","2,893.20","2,926.01","2,885.09","30.20B","-0.77%"
"10/28/2022","2,915.93","2,967.02","2,974.24","2,908.98","29.25B","-2.25%"
"10/27/2022","2,982.90","3,005.04","3,017.26","2,981.69","26.56B","-0.55%"
"10/26/2022","2,999.50","2,977.56","3,028.35","2,977.56","26.87B","0.78%"
"10/25/2022","2,976.28","2,969.16","3,001.72","2,944.26","25.56B","-0.04%"
"10/24/2022","2,977.56","3,034.75","3,064.42","2,965.17","29.81B","-2.02%"
"10/21/2022","3,038.93","3,038.04","3,055.42","3,026.96","24.53B","0.13%"
"10/20/2022","3,035.05","3,029.30","3,070.26","3,013.69","24.47B","-0.31%"
"10/19/2022","3,044.38","3,073.26","3,081.39","3,044.38","23.09B","-1.19%"
"10/18/2022","3,080.96","3,094.93","3,099.92","3,074.22","24.56B","-0.13%"
"10/17/2022","3,084.94","3,060.52","3,087.19","3,052.71","26.26B","0.42%"
"10/14/2022","3,071.99","3,035.03","3,084.27","3,035.03","27.73B","1.84%"
"10/13/2022","3,016.36","3,008.30","3,036.25","3,004.50","24.97B","-0.30%"
"10/12/2022","3,025.51","2,976.72","3,025.51","2,934.09","24.80B","1.53%"
"10/11/2022","2,979.79","2,978.06","2,986.91","2,953.50","20.86B","0.19%"
"10/10/2022","2,974.15","3,026.94","3,029.45","2,968.28","24.34B","-1.66%"
"09/30/2022","3,024.39","3,042.17","3,054.61","3,021.93","20.41B","-0.55%"
"09/29/2022","3,041.20","3,067.47","3,076.76","3,026.08","23.00B","-0.13%"
"09/28/2022","3,045.07","3,089.10","3,089.10","3,044.86","23.01B","-1.58%"
"09/27/2022","3,093.86","3,056.39","3,094.04","3,048.36","23.27B","1.40%"
"09/26/2022","3,051.23","3,067.57","3,102.65","3,048.51","26.27B","-1.20%"
"09/23/2022","3,088.37","3,106.81","3,124.66","3,072.24","24.31B","-0.66%"
"09/22/2022","3,108.91","3,098.77","3,125.68","3,092.82","22.11B","-0.27%"
"09/21/2022","3,117.18","3,116.01","3,129.82","3,091.30","23.30B","-0.17%"
"09/20/2022","3,122.41","3,127.84","3,140.03","3,114.04","21.99B","0.22%"
"09/19/2022","3,115.60","3,122.75","3,135.56","3,101.22","24.91B","-0.35%"
"09/16/2022","3,126.40","3,189.83","3,191.83","3,126.40","31.65B","-2.30%"
"09/15/2022","3,199.92","3,248.97","3,254.18","3,174.39","32.52B","-1.16%"
"09/14/2022","3,237.54","3,224.68","3,250.80","3,221.96","25.52B","-0.80%"
"09/13/2022","3,263.80","3,272.05","3,278.17","3,259.66","27.62B","0.05%"
"09/09/2022","3,262.05","3,241.18","3,266.20","3,236.51","28.38B","0.82%"
"09/08/2022","3,235.59","3,245.56","3,253.70","3,233.80","28.17B","-0.33%"
"09/07/2022","3,246.29","3,232.14","3,253.77","3,227.82","30.10B","0.09%"
"09/06/2022","3,243.45","3,207.93","3,244.64","3,203.82","31.89B","1.36%"
"09/05/2022","3,199.91","3,183.95","3,199.91","3,172.04","28.07B","0.42%"
"09/02/2022","3,186.48","3,189.64","3,198.28","3,173.79","25.05B","0.05%"
"09/01/2022","3,184.98","3,196.54","3,214.56","3,181.63","27.47B","-0.54%"
"08/31/2022","3,202.14","3,216.53","3,232.02","3,184.39","34.44B","-0.78%"
"08/30/2022","3,227.22","3,240.18","3,243.75","3,212.63","29.43B","-0.42%"
"08/29/2022","3,240.73","3,203.10","3,240.73","3,199.00","29.70B","0.14%"
"08/26/2022","3,236.22","3,250.63","3,266.27","3,232.28","30.99B","-0.31%"
"08/25/2022","3,246.25","3,223.46","3,248.35","3,199.12","33.62B","0.97%"
"08/24/2022","3,215.20","3,279.17","3,281.88","3,212.39","36.61B","-1.86%"
"08/23/2022","3,276.22","3,274.43","3,284.60","3,262.63","31.66B","-0.05%"
"08/22/2022","3,277.79","3,249.70","3,278.17","3,247.19","31.45B","0.61%"
"08/19/2022","3,258.08","3,275.62","3,286.49","3,258.06","33.35B","-0.59%"
"08/18/2022","3,277.54","3,286.37","3,289.14","3,270.56","30.17B","-0.46%"
"08/17/2022","3,292.53","3,282.10","3,296.00","3,263.35","32.61B","0.45%"
"08/16/2022","3,277.88","3,278.68","3,295.02","3,271.57","30.36B","0.05%"
"08/15/2022","3,276.09","3,268.37","3,286.89","3,261.82","28.71B","-0.02%"
"08/12/2022","3,276.89","3,275.77","3,288.22","3,272.84","29.99B","-0.15%"
"08/11/2022","3,281.67","3,243.47","3,281.67","3,237.90","30.06B","1.60%"
"08/10/2022","3,230.02","3,242.36","3,253.17","3,217.81","25.76B","-0.54%"
"08/09/2022","3,247.43","3,235.74","3,248.77","3,227.54","25.96B","0.32%"
"08/08/2022","3,236.93","3,218.85","3,237.97","3,214.08","25.43B","0.31%"
"08/05/2022","3,227.03","3,195.23","3,228.89","3,184.45","27.47B","1.19%"
"08/04/2022","3,189.04","3,179.43","3,191.00","3,155.70","26.09B","0.80%"
"08/03/2022","3,163.67","3,188.89","3,217.55","3,159.46","32.49B","-0.71%"
"08/02/2022","3,186.27","3,231.26","3,231.26","3,155.19","39.42B","-2.26%"
"08/01/2022","3,259.96","3,246.62","3,264.30","3,225.55","29.22B","0.21%"
"07/29/2022","3,253.24","3,282.81","3,294.80","3,246.37","30.73B","-0.89%"
"07/28/2022","3,282.58","3,287.50","3,305.71","3,277.11","28.81B","0.21%"
"07/27/2022","3,275.76","3,271.78","3,282.57","3,265.73","24.91B","-0.05%"
"07/26/2022","3,277.44","3,254.19","3,282.41","3,246.04","25.95B","0.83%"
"07/25/2022","3,250.39","3,269.71","3,273.18","3,243.03","27.12B","-0.60%"
"07/22/2022","3,269.97","3,276.20","3,293.64","3,246.73","30.07B","-0.06%"
"07/21/2022","3,272.00","3,297.66","3,300.53","3,272.00","33.24B","-0.99%"
"07/20/2022","3,304.72","3,291.55","3,308.35","3,287.74","30.15B","0.77%"
"07/19/2022","3,279.43","3,278.72","3,283.93","3,256.02","31.57B","0.04%"
"07/18/2022","3,278.10","3,235.09","3,278.47","3,226.23","34.83B","1.55%"
"07/15/2022","3,228.06","3,261.38","3,288.92","3,228.06","38.02B","-1.64%"
"07/14/2022","3,281.74","3,277.45","3,299.25","3,261.49","35.59B","-0.08%"
"07/13/2022","3,284.29","3,279.60","3,297.02","3,266.48","33.18B","0.09%"
"07/12/2022","3,281.47","3,307.22","3,319.25","3,277.08","33.46B","-0.97%"
"07/11/2022","3,313.58","3,341.10","3,341.10","3,297.00","34.27B","-1.27%"
"07/08/2022","3,356.08","3,380.37","3,386.31","3,354.12","32.29B","-0.25%"
"07/07/2022","3,364.40","3,353.13","3,375.86","3,332.31","33.44B","0.27%"
"07/06/2022","3,355.35","3,391.03","3,391.03","3,333.10","38.46B","-1.43%"
"07/05/2022","3,404.03","3,411.13","3,424.84","3,372.06","41.17B","-0.04%"
"07/04/2022","3,405.43","3,381.82","3,405.62","3,364.09","35.77B","0.53%"
"07/01/2022","3,387.64","3,400.26","3,404.05","3,378.36","35.05B","-0.32%"
"06/30/2022","3,398.62","3,358.93","3,417.01","3,358.93","38.12B","1.10%"
"06/29/2022","3,361.52","3,399.68","3,414.65","3,358.47","44.06B","-1.40%"
"06/28/2022","3,409.21","3,377.68","3,412.10","3,358.87","41.21B","0.89%"
"06/27/2022","3,379.19","3,364.00","3,393.31","3,364.00","41.41B","0.88%"
"06/24/2022","3,349.75","3,324.74","3,356.71","3,322.95","39.08B","0.89%"
"06/23/2022","3,320.15","3,269.05","3,320.15","3,262.29","40.06B","1.62%"
"06/22/2022","3,267.20","3,309.12","3,311.02","3,266.54","37.55B","-1.20%"
"06/21/2022","3,306.72","3,313.79","3,329.39","3,279.83","39.45B","-0.26%"
"06/20/2022","3,315.43","3,315.78","3,333.90","3,292.93","41.35B","-0.04%"
"06/17/2022","3,316.79","3,265.51","3,323.28","3,262.89","39.53B","0.96%"
"06/16/2022","3,285.38","3,306.84","3,319.69","3,277.53","43.32B","-0.61%"
"06/15/2022","3,305.41","3,289.10","3,358.55","3,288.85","55.06B","0.50%"
"06/14/2022","3,288.91","3,224.21","3,289.13","3,195.82","45.04B","1.02%"
"06/13/2022","3,255.55","3,256.27","3,272.99","3,229.31","43.86B","-0.89%"
"06/10/2022","3,284.83","3,214.18","3,286.62","3,210.81","43.99B","1.42%"
"06/09/2022","3,238.95","3,259.49","3,270.56","3,223.48","42.27B","-0.76%"
"06/08/2022","3,263.79","3,245.02","3,266.63","3,216.01","43.42B","0.68%"
"06/07/2022","3,241.76","3,235.42","3,253.09","3,222.64","40.22B","0.17%"
"06/06/2022","3,236.37","3,196.96","3,237.07","3,181.65","42.20B","1.28%"
"06/02/2022","3,195.46","3,170.31","3,197.28","3,163.76","36.18B","0.42%"
"06/01/2022","3,182.16","3,179.69","3,190.61","3,160.04","36.57B","-0.13%"
"05/31/2022","3,186.43","3,149.94","3,188.60","3,142.00","37.45B","1.19%"
"05/30/2022","3,149.06","3,141.96","3,150.89","3,123.15","34.94B","0.60%"
"05/27/2022","3,130.24","3,135.03","3,151.05","3,112.54","35.95B","0.23%"
"05/26/2022","3,123.11","3,111.48","3,133.28","3,079.48","37.03B","0.50%"
"05/25/2022","3,107.46","3,070.17","3,107.63","3,069.95","34.23B","1.19%"
"05/24/2022","3,070.93","3,149.06","3,153.13","3,070.93","41.63B","-2.41%"
"05/23/2022","3,146.86","3,150.49","3,150.51","3,127.90","35.34B","0.01%"
"05/20/2022","3,146.57","3,107.09","3,146.57","3,107.09","37.23B","1.60%"
"05/19/2022","3,096.96","3,046.71","3,096.96","3,042.67","33.66B","0.36%"
"05/18/2022","3,085.98","3,095.89","3,105.84","3,071.30","31.50B","-0.25%"
"05/17/2022","3,093.70","3,076.50","3,093.70","3,057.64","33.04B","0.65%"
"05/16/2022","3,073.75","3,100.55","3,102.58","3,063.40","33.81B","-0.34%"
"05/13/2022","3,084.28","3,068.03","3,086.10","3,059.25","33.17B","0.96%"
"05/12/2022","3,054.99","3,044.80","3,072.16","3,032.95","34.44B","-0.12%"
"05/11/2022","3,058.70","3,035.39","3,100.90","3,034.67","42.40B","0.75%"
"05/10/2022","3,035.84","2,965.78","3,043.78","2,957.40","37.07B","1.06%"
"05/09/2022","3,004.14","2,990.20","3,015.94","2,983.61","29.21B","0.09%"
"05/06/2022","3,001.56","3,011.32","3,030.69","2,992.72","34.33B","-2.16%"
"05/05/2022","3,067.76","3,044.85","3,082.23","3,042.12","38.31B","0.68%"
"04/29/2022","3,047.06","2,986.06","3,048.49","2,968.33","42.39B","2.41%"
"04/28/2022","2,975.48","2,945.81","2,991.51","2,936.79","37.54B","0.58%"
"04/27/2022","2,958.28","2,866.82","2,959.18","2,863.65","42.31B","2.49%"
"04/26/2022","2,886.43","2,930.45","2,957.68","2,878.26","40.16B","-1.44%"
"04/25/2022","2,928.51","3,034.27","3,043.82","2,928.51","43.36B","-5.13%"
"04/22/2022","3,086.92","3,058.40","3,105.66","3,049.36","34.20B","0.23%"
"04/21/2022","3,079.81","3,138.43","3,160.90","3,069.68","39.19B","-2.26%"
"04/20/2022","3,151.05","3,189.89","3,191.83","3,142.05","36.20B","-1.35%"
"04/19/2022","3,194.03","3,192.09","3,207.83","3,174.71","33.99B","-0.05%"
"04/18/2022","3,195.52","3,185.94","3,204.03","3,166.98","34.74B","-0.49%"
"04/15/2022","3,211.24","3,210.70","3,229.87","3,200.13","40.78B","-0.45%"
"04/14/2022","3,225.64","3,203.63","3,240.00","3,200.23","37.12B","1.22%"
"04/13/2022","3,186.82","3,199.80","3,225.47","3,183.53","39.12B","-0.82%"
"04/12/2022","3,213.33","3,165.12","3,214.54","3,140.90","41.83B","1.46%"
"04/11/2022","3,167.13","3,239.85","3,239.85","3,156.51","42.42B","-2.61%"
"04/08/2022","3,251.85","3,239.88","3,257.09","3,208.35","41.38B","0.47%"
"04/07/2022","3,236.70","3,267.81","3,290.26","3,236.48","40.26B","-1.42%"
"04/06/2022","3,283.43","3,269.43","3,288.11","3,255.69","42.96B","0.02%"
"04/01/2022","3,282.72","3,234.67","3,287.23","3,226.30","37.82B","0.94%"
"03/31/2022","3,252.20","3,256.14","3,272.04","3,246.06","39.84B","-0.44%"
"03/30/2022","3,266.60","3,217.59","3,266.60","3,216.30","36.68B","1.96%"
"03/29/2022","3,203.94","3,216.01","3,229.18","3,196.46","31.63B","-0.33%"
"03/28/2022","3,214.50","3,185.17","3,230.22","3,159.83","34.50B","0.07%"
"03/25/2022","3,212.24","3,247.16","3,257.11","3,211.64","34.00B","-1.17%"
"03/24/2022","3,250.26","3,256.06","3,266.89","3,236.66","32.90B","-0.63%"
"03/23/2022","3,271.03","3,264.79","3,279.89","3,251.98","34.99B","0.34%"
"03/22/2022","3,259.86","3,249.54","3,279.11","3,239.53","36.12B","0.19%"
"03/21/2022","3,253.69","3,255.62","3,267.50","3,223.39","35.42B","0.08%"
"03/18/2022","3,251.07","3,207.15","3,260.78","3,197.36","37.30B","1.12%"
"03/17/2022","3,215.04","3,215.01","3,260.17","3,202.93","42.08B","1.40%"
"03/16/2022","3,170.71","3,107.67","3,177.79","3,023.30","44.47B","3.48%"
"03/15/2022","3,063.97","3,192.36","3,196.92","3,063.97","46.50B","-4.95%"
"03/14/2022","3,223.53","3,271.89","3,297.80","3,223.53","33.80B","-2.60%"
"03/11/2022","3,309.75","3,259.32","3,315.66","3,217.42","38.41B","0.41%"
"03/10/2022","3,296.09","3,312.18","3,326.58","3,291.24","37.83B","1.22%"
"03/09/2022","3,256.39","3,303.71","3,321.48","3,147.68","46.63B","-1.13%"
"03/08/2022","3,293.53","3,372.55","3,383.63","3,287.34","41.59B","-2.35%"
"03/07/2022","3,372.86","3,438.56","3,438.56","3,360.74","39.36B","-2.17%"
"03/04/2022","3,447.65","3,459.98","3,474.88","3,437.70","39.35B","-0.96%"
"03/03/2022","3,481.11","3,495.93","3,500.29","3,473.34","41.26B","-0.09%"
"03/02/2022","3,484.19","3,478.29","3,486.62","3,467.00","32.94B","-0.13%"
"03/01/2022","3,488.83","3,471.36","3,491.13","3,465.72","32.60B","0.77%"
"02/28/2022","3,462.31","3,450.32","3,462.31","3,425.52","34.58B","0.32%"
"02/25/2022","3,451.41","3,445.34","3,480.18","3,440.93","37.75B","0.63%"
"02/24/2022","3,429.96","3,474.37","3,486.98","3,400.21","48.84B","-1.70%"
"02/23/2022","3,489.15","3,458.51","3,490.76","3,458.18","32.56B","0.93%"
"02/22/2022","3,457.15","3,473.29","3,473.39","3,437.67","32.63B","-0.96%"
"02/21/2022","3,490.61","3,488.41","3,492.20","3,471.69","30.15B","0.00%"
"02/18/2022","3,490.76","3,451.63","3,490.76","3,447.03","29.51B","0.66%"
"02/17/2022","3,468.04","3,464.21","3,480.97","3,454.28","29.73B","0.06%"
"02/16/2022","3,465.83","3,457.07","3,475.06","3,453.80","27.50B","0.57%"
"02/15/2022","3,446.09","3,428.04","3,447.49","3,421.64","27.56B","0.50%"
"02/14/2022","3,428.88","3,451.85","3,457.26","3,415.45","31.53B","-0.98%"
"02/11/2022","3,462.95","3,472.28","3,500.15","3,459.33","36.14B","-0.66%"
"02/10/2022","3,485.91","3,481.91","3,488.86","3,464.22","35.57B","0.17%"
"02/09/2022","3,479.95","3,450.82","3,484.74","3,444.08","35.02B","0.79%"
"02/08/2022","3,452.63","3,428.54","3,453.19","3,390.46","36.61B","0.67%"
"02/07/2022","3,429.58","3,407.76","3,434.03","3,407.76","32.05B","2.03%"
"01/28/2022","3,361.44","3,407.59","3,417.05","3,356.56","29.09B","-0.97%"
"01/27/2022","3,394.25","3,456.10","3,456.36","3,392.02","28.06B","-1.78%"
"01/26/2022","3,455.67","3,442.69","3,462.12","3,417.76","27.51B","0.66%"
"01/25/2022","3,433.06","3,509.28","3,519.83","3,433.06","32.74B","-2.58%"
"01/24/2022","3,524.10","3,508.24","3,531.61","3,500.14","28.03B","0.04%"
"01/21/2022","3,522.57","3,546.75","3,547.00","3,514.89","32.65B","-0.91%"
"01/20/2022","3,555.06","3,556.23","3,576.26","3,540.55","37.95B","-0.09%"
"01/19/2022","3,558.18","3,567.63","3,578.73","3,541.66","33.32B","-0.33%"
"01/18/2022","3,569.91","3,541.89","3,579.31","3,531.33","37.71B","0.80%"
"01/17/2022","3,541.67","3,522.09","3,546.09","3,519.43","31.29B","0.58%"
"01/14/2022","3,521.26","3,544.07","3,548.42","3,519.32","37.69B","-0.96%"
"01/13/2022","3,555.26","3,601.03","3,601.07","3,555.16","36.94B","-1.17%"
"01/12/2022","3,597.43","3,578.16","3,599.50","3,572.10","34.31B","0.84%"
"01/11/2022","3,567.44","3,589.90","3,602.15","3,562.75","35.98B","-0.73%"
"01/10/2022","3,593.52","3,572.74","3,593.52","3,555.13","35.62B","0.39%"
"01/07/2022","3,579.54","3,588.99","3,607.23","3,577.10","43.63B","-0.18%"
"01/06/2022","3,586.08","3,581.22","3,594.49","3,559.88","37.15B","-0.25%"
"01/05/2022","3,595.18","3,628.26","3,628.26","3,583.47","42.39B","-1.02%"
"01/04/2022","3,632.33","3,649.15","3,651.89","3,610.09","40.50B","-0.20%"
"12/31/2021","3,639.78","3,626.24","3,642.84","3,624.94","32.97B","0.57%"
"12/30/2021","3,619.19","3,596.49","3,628.92","3,595.50","30.78B","0.62%"
"12/29/2021","3,597.00","3,630.92","3,630.92","3,596.32","30.51B","-0.91%"
"12/28/2021","3,630.11","3,619.64","3,631.08","3,607.36","31.62B","0.39%"
"12/27/2021","3,615.97","3,613.05","3,632.19","3,601.94","32.92B","-0.06%"
"12/24/2021","3,618.05","3,645.39","3,648.96","3,612.07","39.03B","-0.69%"
"12/23/2021","3,643.34","3,625.47","3,643.55","3,618.05","38.29B","0.57%"
"12/22/2021","3,622.62","3,632.68","3,635.90","3,616.55","39.48B","-0.07%"
"12/21/2021","3,625.13","3,591.45","3,627.09","3,591.45","40.82B","0.88%"
"12/20/2021","3,593.60","3,620.04","3,643.95","3,589.36","42.39B","-1.07%"
"12/17/2021","3,632.36","3,670.26","3,673.65","3,631.66","40.85B","-1.16%"
"12/16/2021","3,675.02","3,648.93","3,675.02","3,644.66","38.13B","0.75%"
"12/15/2021","3,647.63","3,655.05","3,668.40","3,645.24","37.75B","-0.38%"
"12/14/2021","3,661.53","3,669.81","3,671.68","3,654.66","36.22B","-0.53%"
"12/13/2021","3,681.08","3,686.94","3,708.94","3,678.06","42.41B","0.40%"
"12/10/2021","3,666.35","3,654.37","3,667.85","3,651.35","42.00B","-0.18%"
"12/09/2021","3,673.04","3,641.16","3,688.40","3,638.70","43.19B","0.98%"
"12/08/2021","3,637.57","3,602.82","3,637.72","3,591.99","36.10B","1.18%"
"12/07/2021","3,595.09","3,611.22","3,614.22","3,572.57","40.38B","0.16%"
"12/06/2021","3,589.31","3,615.24","3,626.13","3,586.81","41.87B","-0.50%"
"12/03/2021","3,607.43","3,576.45","3,608.47","3,573.21","37.76B","0.94%"
"12/02/2021","3,573.84","3,573.25","3,586.87","3,567.14","35.40B","-0.09%"
"12/01/2021","3,576.89","3,561.89","3,576.89","3,558.69","32.99B","0.36%"
"11/30/2021","3,563.89","3,570.75","3,582.11","3,546.36","34.92B","0.03%"
"11/29/2021","3,562.70","3,528.67","3,563.68","3,526.35","33.36B","-0.04%"
"11/26/2021","3,564.09","3,576.11","3,576.11","3,554.88","30.10B","-0.56%"
"11/25/2021","3,584.18","3,593.39","3,597.15","3,579.53","30.65B","-0.24%"
"11/24/2021","3,592.70","3,590.02","3,602.74","3,575.29","33.68B","0.10%"
"11/23/2021","3,589.09","3,580.51","3,598.38","3,577.36","36.00B","0.20%"
"11/22/2021","3,582.08","3,562.76","3,585.19","3,562.75","33.00B","0.61%"
"11/19/2021","3,560.37","3,519.28","3,561.91","3,517.65","31.80B","1.13%"
"11/18/2021","3,520.71","3,531.49","3,537.98","3,513.11","31.24B","-0.47%"
"11/17/2021","3,537.37","3,518.56","3,537.51","3,513.52","27.67B","0.44%"
"11/16/2021","3,521.79","3,530.46","3,549.77","3,517.81","31.04B","-0.33%"
"11/15/2021","3,533.30","3,542.90","3,550.44","3,521.29","31.30B","-0.16%"
"11/12/2021","3,539.10","3,534.15","3,543.65","3,527.39","30.87B","0.18%"
"11/11/2021","3,532.79","3,486.45","3,534.20","3,482.83","32.21B","1.15%"
"11/10/2021","3,492.46","3,498.94","3,498.94","3,448.44","30.70B","-0.41%"
"11/09/2021","3,507.00","3,507.11","3,514.95","3,489.04","28.73B","0.24%"
"11/08/2021","3,498.63","3,491.97","3,507.27","3,484.24","29.82B","0.20%"
"11/05/2021","3,491.57","3,520.21","3,525.87","3,491.46","35.45B","-1.00%"
"11/04/2021","3,526.87","3,505.89","3,527.95","3,503.01","31.94B","0.81%"
"11/03/2021","3,498.54","3,501.10","3,512.61","3,480.49","30.66B","-0.20%"
"11/02/2021","3,505.63","3,543.38","3,559.05","3,477.66","41.76B","-1.10%"
"11/01/2021","3,544.48","3,530.40","3,556.59","3,519.29","38.23B","-0.08%"
"10/29/2021","3,547.34","3,519.33","3,547.34","3,502.80","35.88B","0.82%"
"10/28/2021","3,518.42","3,548.70","3,552.04","3,509.49","37.82B","-1.23%"
"10/27/2021","3,562.31","3,589.86","3,589.86","3,553.13","35.06B","-0.98%"
"10/26/2021","3,597.64","3,612.83","3,625.02","3,589.71","33.73B","-0.34%"
"10/25/2021","3,609.86","3,574.26","3,611.09","3,564.21","32.12B","0.76%"
"10/22/2021","3,582.60","3,594.75","3,607.58","3,578.76","35.32B","-0.34%"
"10/21/2021","3,594.78","3,590.05","3,610.96","3,576.35","35.23B","0.22%"
"10/20/2021","3,587.00","3,583.24","3,596.05","3,574.30","34.42B","-0.17%"
"10/19/2021","3,593.15","3,562.30","3,596.79","3,560.62","33.42B","0.70%"
"10/18/2021","3,568.14","3,571.05","3,571.05","3,539.48","34.10B","-0.12%"
"10/15/2021","3,572.37","3,551.99","3,578.77","3,542.69","32.03B","0.40%"
"10/14/2021","3,558.28","3,555.11","3,569.69","3,547.18","29.50B","-0.10%"
"10/13/2021","3,561.76","3,543.49","3,569.13","3,515.65","32.51B","0.42%"
"10/12/2021","3,546.94","3,581.30","3,583.64","3,515.14","40.54B","-1.25%"
"10/11/2021","3,591.71","3,600.36","3,614.70","3,586.75","39.44B","-0.01%"
"10/08/2021","3,592.17","3,609.09","3,612.55","3,571.73","40.72B","0.67%"
"09/30/2021","3,568.17","3,541.93","3,572.43","3,541.93","39.56B","0.90%"
"09/29/2021","3,536.29","3,573.52","3,573.52","3,518.05","45.25B","-1.83%"
"09/28/2021","3,602.22","3,577.89","3,610.92","3,568.82","44.42B","0.54%"
"09/27/2021","3,582.83","3,625.96","3,640.81","3,559.92","51.08B","-0.84%"
"09/24/2021","3,613.07","3,637.87","3,651.43","3,607.79","50.73B","-0.80%"
"09/23/2021","3,642.22","3,651.27","3,670.95","3,632.28","53.50B","0.38%"
"09/22/2021","3,628.49","3,563.21","3,629.45","3,560.50","47.23B","0.40%"
"09/17/2021","3,613.97","3,595.27","3,620.96","3,569.27","51.68B","0.19%"
"09/16/2021","3,607.09","3,664.84","3,677.92","3,606.73","54.67B","-1.34%"
"09/15/2021","3,656.22","3,651.16","3,677.53","3,638.32","47.50B","-0.17%"
"09/14/2021","3,662.60","3,709.63","3,723.85","3,655.63","56.50B","-1.42%"
"09/13/2021","3,715.37","3,699.25","3,716.83","3,692.82","55.75B","0.33%"
"09/10/2021","3,703.11","3,691.19","3,722.87","3,681.64","63.52B","0.27%"
"09/09/2021","3,693.13","3,666.82","3,693.45","3,662.16","60.48B","0.49%"
"09/08/2021","3,675.19","3,673.40","3,695.32","3,661.00","58.64B","-0.04%"
"09/07/2021","3,676.59","3,621.71","3,681.93","3,615.14","54.77B","1.51%"
"09/06/2021","3,621.86","3,580.14","3,626.29","3,580.14","52.17B","1.12%"
"09/03/2021","3,581.73","3,602.74","3,613.95","3,569.40","61.45B","-0.43%"
"09/02/2021","3,597.04","3,559.90","3,597.37","3,557.68","57.27B","0.84%"
"09/01/2021","3,567.10","3,543.87","3,582.32","3,514.67","66.73B","0.65%"
"08/31/2021","3,543.94","3,519.02","3,543.94","3,496.39","52.42B","0.45%"
"08/30/2021","3,528.15","3,535.07","3,539.49","3,512.99","51.28B","0.17%"
"08/27/2021","3,522.16","3,494.42","3,530.19","3,493.38","45.53B","0.59%"
"08/26/2021","3,501.66","3,537.31","3,537.32","3,499.45","50.29B","-1.09%"
"08/25/2021","3,540.38","3,517.92","3,540.39","3,510.07","45.00B","0.74%"
"08/24/2021","3,514.47","3,482.27","3,522.70","3,481.14","43.02B","1.07%"
"08/23/2021","3,477.13","3,436.80","3,481.25","3,436.67","38.47B","1.45%"
"08/20/2021","3,427.33","3,442.51","3,453.15","3,394.97","39.11B","-1.10%"
"08/19/2021","3,465.55","3,475.30","3,480.46","3,446.01","38.24B","-0.57%"
"08/18/2021","3,485.29","3,442.35","3,487.44","3,437.69","38.92B","1.11%"
"08/17/2021","3,446.98","3,512.11","3,531.72","3,438.12","42.29B","-2.00%"
"08/16/2021","3,517.34","3,514.34","3,537.85","3,510.90","39.11B","0.03%"
"08/13/2021","3,516.30","3,514.47","3,540.08","3,500.80","37.82B","-0.24%"
"08/12/2021","3,524.74","3,522.72","3,538.40","3,513.45","38.11B","-0.22%"
"08/11/2021","3,532.62","3,527.11","3,544.09","3,524.04","38.38B","0.08%"
"08/10/2021","3,529.93","3,488.66","3,529.93","3,477.06","34.51B","1.01%"
"08/09/2021","3,494.63","3,441.75","3,502.84","3,438.70","34.99B","1.05%"
"08/06/2021","3,458.23","3,465.48","3,466.39","3,436.93","33.68B","-0.24%"
"08/05/2021","3,466.55","3,461.72","3,486.16","3,449.39","34.84B","-0.31%"
"08/04/2021","3,477.22","3,442.94","3,477.60","3,440.78","34.87B","0.85%"
"08/03/2021","3,447.99","3,446.78","3,470.66","3,435.46","40.07B","-0.47%"
"08/02/2021","3,464.29","3,385.69","3,464.29","3,367.64","43.29B","1.97%"
"07/30/2021","3,397.36","3,398.20","3,404.88","3,370.45","38.14B","-0.42%"
"07/29/2021","3,411.72","3,403.84","3,416.61","3,382.57","34.46B","1.49%"
"07/28/2021","3,361.59","3,355.82","3,385.54","3,312.72","39.58B","-0.58%"
"07/27/2021","3,381.18","3,467.45","3,483.87","3,380.28","46.91B","-2.49%"
"07/26/2021","3,467.44","3,538.01","3,538.01","3,424.74","44.29B","-2.34%"
"07/23/2021","3,550.40","3,571.72","3,571.85","3,541.51","44.64B","-0.68%"
"07/22/2021","3,574.73","3,563.66","3,576.47","3,558.29","38.11B","0.34%"
"07/21/2021","3,562.66","3,543.05","3,569.09","3,543.05","33.90B","0.73%"
"07/20/2021","3,536.79","3,515.07","3,538.64","3,509.19","29.38B","-0.07%"
"07/19/2021","3,539.12","3,530.49","3,544.88","3,506.34","33.68B","-0.01%"
"07/16/2021","3,539.30","3,559.53","3,566.00","3,537.73","36.60B","-0.71%"
"07/15/2021","3,564.59","3,519.06","3,565.93","3,514.26","36.33B","1.02%"
"07/14/2021","3,528.50","3,560.83","3,560.83","3,525.49","37.22B","-1.07%"
"07/13/2021","3,566.52","3,547.59","3,567.48","3,542.82","36.24B","0.53%"
"07/12/2021","3,547.84","3,545.20","3,565.03","3,527.39","40.36B","0.67%"
"07/09/2021","3,524.09","3,512.23","3,529.31","3,485.05","34.99B","-0.04%"
"07/08/2021","3,525.50","3,557.22","3,558.68","3,521.06","35.09B","-0.79%"
"07/07/2021","3,553.72","3,508.59","3,557.88","3,504.47","31.88B","0.66%"
"07/06/2021","3,530.26","3,533.13","3,538.35","3,496.93","31.41B","-0.11%"
"07/05/2021","3,534.32","3,516.92","3,534.32","3,510.58","28.81B","0.44%"
"07/02/2021","3,518.76","3,569.89","3,569.89","3,514.34","29.19B","-1.95%"
"07/01/2021","3,588.78","3,600.55","3,607.70","3,573.94","29.19B","-0.07%"
"06/30/2021","3,591.20","3,572.62","3,594.12","3,569.50","26.82B","0.50%"
"06/29/2021","3,573.18","3,601.68","3,601.83","3,570.53","30.61B","-0.92%"
"06/28/2021","3,606.37","3,612.25","3,614.36","3,594.22","32.13B","-0.03%"
"06/25/2021","3,607.56","3,567.38","3,614.30","3,564.52","34.61B","1.15%"
"06/24/2021","3,566.65","3,568.58","3,570.49","3,548.82","33.54B","0.01%"
"06/23/2021","3,566.22","3,559.40","3,577.47","3,549.85","31.07B","0.25%"
"06/22/2021","3,557.41","3,539.79","3,560.19","3,536.81","30.75B","0.80%"
"06/21/2021","3,529.18","3,515.50","3,540.30","3,504.01","28.09B","0.12%"
"06/18/2021","3,525.10","3,520.50","3,535.62","3,503.18","29.67B","-0.01%"
"06/17/2021","3,525.60","3,508.32","3,534.20","3,507.35","27.72B","0.21%"
"06/16/2021","3,518.33","3,556.71","3,561.09","3,513.56","31.26B","-1.07%"
"06/15/2021","3,556.56","3,587.47","3,592.95","3,547.19","34.92B","-0.92%"
"06/11/2021","3,589.75","3,614.11","3,614.40","3,587.15","36.06B","-0.58%"
"06/10/2021","3,610.86","3,587.53","3,624.34","3,584.13","31.82B","0.54%"
"06/09/2021","3,591.40","3,576.80","3,598.71","3,572.64","29.83B","0.32%"
"06/08/2021","3,580.11","3,598.75","3,621.52","3,563.25","30.45B","-0.54%"
"06/07/2021","3,599.54","3,597.14","3,600.38","3,581.90","30.37B","0.21%"
"06/04/2021","3,591.84","3,565.47","3,618.80","3,561.89","33.09B","0.21%"
"06/03/2021","3,584.21","3,595.42","3,618.51","3,584.21","35.42B","-0.36%"
"06/02/2021","3,597.14","3,626.33","3,629.29","3,584.60","34.86B","-0.76%"
"06/01/2021","3,624.71","3,608.60","3,626.07","3,581.91","35.28B","0.26%"
"05/31/2021","3,615.48","3,600.07","3,615.66","3,580.65","33.15B","0.41%"
"05/28/2021","3,600.78","3,610.77","3,622.18","3,582.36","34.92B","-0.22%"
"05/27/2021","3,608.85","3,585.73","3,626.36","3,579.26","30.96B","0.43%"
"05/26/2021","3,593.36","3,586.84","3,603.49","3,585.37","34.20B","0.34%"
"05/25/2021","3,581.34","3,502.54","3,584.58","3,502.44","34.12B","2.40%"
"05/24/2021","3,497.28","3,486.27","3,498.30","3,469.87","28.95B","0.31%"
"05/21/2021","3,486.56","3,510.84","3,518.38","3,479.67","28.38B","-0.58%"
"05/20/2021","3,506.94","3,500.88","3,517.74","3,486.07","32.60B","-0.11%"
"05/19/2021","3,510.96","3,521.11","3,521.11","3,503.82","27.83B","-0.51%"
"05/18/2021","3,529.01","3,520.65","3,529.01","3,510.86","27.13B","0.32%"
"05/17/2021","3,517.62","3,490.41","3,530.51","3,490.14","32.21B","0.78%"
"05/14/2021","3,490.38","3,436.09","3,490.64","3,422.56","33.70B","1.77%"
"05/13/2021","3,429.54","3,432.14","3,448.02","3,418.38","31.93B","-0.96%"
"05/12/2021","3,462.75","3,429.75","3,466.37","3,428.39","31.14B","0.61%"
"05/11/2021","3,441.85","3,406.60","3,448.10","3,384.70","35.09B","0.40%"
"05/10/2021","3,427.99","3,423.59","3,429.74","3,401.93","37.42B","0.27%"
"05/07/2021","3,418.87","3,446.41","3,457.89","3,416.78","35.38B","-0.65%"
"05/06/2021","3,441.28","3,446.07","3,471.24","3,426.85","31.04B","-0.16%"
"04/30/2021","3,446.86","3,468.30","3,469.09","3,426.90","31.27B","-0.81%"
"04/29/2021","3,474.90","3,458.08","3,478.23","3,447.59","27.66B","0.52%"
"04/28/2021","3,457.07","3,432.16","3,457.07","3,423.32","24.74B","0.42%"
"04/27/2021","3,442.61","3,440.09","3,443.85","3,417.26","25.30B","0.04%"
"04/26/2021","3,441.17","3,484.11","3,497.12","3,438.57","27.70B","-0.95%"
"04/23/2021","3,474.17","3,462.09","3,482.36","3,456.33","24.94B","0.26%"
"04/22/2021","3,465.11","3,482.83","3,485.36","3,456.32","25.11B","-0.23%"
"04/21/2021","3,472.93","3,456.30","3,481.25","3,450.11","25.38B","0.00%"
"04/20/2021","3,472.94","3,467.15","3,494.30","3,463.46","28.53B","-0.13%"
"04/19/2021","3,477.55","3,427.55","3,479.01","3,414.36","30.27B","1.49%"
"04/16/2021","3,426.62","3,407.19","3,432.63","3,394.13","25.86B","0.81%"
"04/15/2021","3,398.99","3,409.61","3,409.61","3,373.09","23.40B","-0.52%"
"04/14/2021","3,416.72","3,397.02","3,420.03","3,392.98","23.32B","0.60%"
"04/13/2021","3,396.47","3,411.29","3,425.39","3,387.90","27.06B","-0.48%"
"04/12/2021","3,412.95","3,445.97","3,456.16","3,403.90","30.96B","-1.09%"
"04/09/2021","3,450.68","3,475.44","3,475.45","3,442.14","28.01B","-0.92%"
"04/08/2021","3,482.55","3,467.49","3,495.91","3,459.32","33.18B","0.08%"
"04/07/2021","3,479.63","3,483.42","3,483.42","3,453.19","29.58B","-0.10%"
"04/06/2021","3,482.97","3,491.63","3,493.28","3,471.76","23.47B","-0.04%"
"04/02/2021","3,484.39","3,472.63","3,487.59","3,462.83","26.27B","0.52%"
"04/01/2021","3,466.33","3,444.81","3,470.03","3,438.83","27.52B","0.71%"
"03/31/2021","3,441.91","3,452.21","3,452.21","3,420.83","28.30B","-0.43%"
"03/30/2021","3,456.68","3,432.53","3,457.63","3,423.32","28.54B","0.62%"
"03/29/2021","3,435.30","3,429.63","3,449.83","3,409.89","28.48B","0.50%"
"03/26/2021","3,418.33","3,373.32","3,423.22","3,373.32","27.46B","1.63%"
"03/25/2021","3,363.59","3,355.07","3,382.23","3,344.97","27.07B","-0.10%"
"03/24/2021","3,367.06","3,394.13","3,415.29","3,362.18","31.74B","-1.30%"
"03/23/2021","3,411.51","3,445.34","3,445.42","3,390.05","32.64B","-0.93%"
"03/22/2021","3,443.44","3,406.12","3,443.66","3,404.23","31.26B","1.14%"
"03/19/2021","3,404.66","3,423.87","3,439.52","3,389.29","30.92B","-1.69%"
"03/18/2021","3,463.07","3,449.64","3,478.14","3,449.38","28.44B","0.51%"
"03/17/2021","3,445.55","3,435.73","3,454.06","3,410.28","28.01B","-0.03%"
"03/16/2021","3,446.73","3,424.65","3,448.88","3,406.17","31.67B","0.78%"
"03/15/2021","3,419.95","3,441.88","3,457.49","3,392.51","36.78B","-0.96%"
"03/12/2021","3,453.08","3,447.20","3,454.51","3,417.24","35.80B","0.47%"
"03/11/2021","3,436.83","3,369.90","3,436.83","3,369.90","32.21B","2.36%"
"03/10/2021","3,357.74","3,389.84","3,397.03","3,354.82","29.97B","-0.05%"
"03/09/2021","3,359.29","3,415.34","3,429.15","3,328.31","40.77B","-1.82%"
"03/08/2021","3,421.41","3,524.98","3,542.30","3,421.22","38.70B","-2.30%"
"03/05/2021","3,501.99","3,463.31","3,523.57","3,456.67","35.64B","-0.04%"
"03/04/2021","3,503.49","3,546.64","3,552.20","3,487.38","39.36B","-2.05%"
"03/03/2021","3,576.90","3,500.16","3,577.62","3,498.72","34.77B","1.95%"
"03/02/2021","3,508.59","3,566.85","3,566.85","3,485.36","33.98B","-1.21%"
"03/01/2021","3,551.40","3,531.48","3,552.57","3,511.99","31.55B","1.21%"
"02/26/2021","3,509.08","3,514.56","3,550.41","3,500.70","33.33B","-2.12%"
"02/25/2021","3,585.05","3,595.54","3,608.56","3,568.47","36.62B","0.59%"
"02/24/2021","3,564.08","3,638.94","3,645.65","3,531.59","36.22B","-1.99%"
"02/23/2021","3,636.36","3,617.70","3,672.15","3,617.70","39.89B","-0.17%"
"02/22/2021","3,642.44","3,707.19","3,717.27","3,642.44","48.88B","-1.45%"
"02/19/2021","3,696.17","3,661.78","3,699.65","3,634.01","36.11B","0.57%"
"02/18/2021","3,675.36","3,721.09","3,731.69","3,663.66","34.03B","0.55%"
"02/10/2021","3,655.09","3,612.61","3,662.77","3,612.50","25.79B","1.43%"
"02/09/2021","3,603.49","3,539.77","3,604.01","3,528.68","25.38B","2.01%"
"02/08/2021","3,532.45","3,504.56","3,542.21","3,492.13","24.98B","1.03%"
"02/05/2021","3,496.33","3,509.49","3,536.54","3,492.96","29.01B","-0.16%"
"02/04/2021","3,501.86","3,503.78","3,524.72","3,465.77","29.88B","-0.44%"
"02/03/2021","3,517.31","3,531.15","3,544.01","3,508.51","29.74B","-0.46%"
"02/02/2021","3,533.68","3,510.81","3,535.50","3,495.57","26.45B","0.81%"
"02/01/2021","3,505.28","3,477.17","3,506.39","3,469.88","27.76B","0.64%"
"01/29/2021","3,483.07","3,521.72","3,531.60","3,446.55","29.37B","-0.63%"
"01/28/2021","3,505.18","3,534.67","3,549.54","3,496.88","27.09B","-1.91%"
"01/27/2021","3,573.34","3,567.55","3,578.80","3,546.49","26.41B","0.11%"
"01/26/2021","3,569.43","3,610.97","3,610.97","3,564.74","27.81B","-1.51%"
"01/25/2021","3,624.24","3,605.36","3,637.10","3,591.02","32.73B","0.48%"
"01/22/2021","3,606.75","3,616.54","3,616.54","3,585.03","32.45B","-0.40%"
"01/21/2021","3,621.26","3,590.92","3,636.24","3,585.80","32.75B","1.07%"
"01/20/2021","3,583.09","3,564.12","3,589.96","3,556.44","27.23B","0.47%"
"01/19/2021","3,566.38","3,596.36","3,603.15","3,553.02","32.34B","-0.83%"
"01/18/2021","3,596.22","3,554.80","3,608.77","3,544.26","30.17B","0.84%"
"01/15/2021","3,566.38","3,566.28","3,589.27","3,533.79","32.46B","0.01%"
"01/14/2021","3,565.90","3,584.93","3,599.06","3,559.60","34.77B","-0.91%"
"01/13/2021","3,598.65","3,613.28","3,622.35","3,575.59","38.81B","-0.27%"
"01/12/2021","3,608.34","3,518.01","3,608.34","3,517.47","32.34B","2.18%"
"01/11/2021","3,531.50","3,571.32","3,597.70","3,516.99","36.25B","-1.08%"
"01/08/2021","3,570.11","3,577.69","3,588.06","3,544.89","34.56B","-0.17%"
"01/07/2021","3,576.20","3,552.91","3,576.20","3,526.62","40.53B","0.71%"
"01/06/2021","3,550.88","3,530.91","3,556.80","3,513.13","37.02B","0.63%"
"01/05/2021","3,528.68","3,492.19","3,528.68","3,484.72","40.80B","0.73%"
"01/04/2021","3,502.96","3,474.68","3,511.66","3,457.21","38.08B","0.86%"
"12/31/2020","3,473.07","3,419.73","3,474.92","3,419.73","33.57B","1.72%"
"12/30/2020","3,414.45","3,375.01","3,414.45","3,374.42","29.10B","1.05%"
"12/29/2020","3,379.04","3,399.29","3,407.09","3,376.09","31.18B","-0.54%"
"12/28/2020","3,397.29","3,396.36","3,412.52","3,383.65","31.62B","0.02%"
"12/25/2020","3,396.56","3,351.79","3,397.01","3,348.35","29.45B","0.99%"
"12/24/2020","3,363.11","3,382.19","3,394.07","3,354.02","27.50B","-0.57%"
"12/23/2020","3,382.32","3,362.47","3,394.21","3,360.20","29.95B","0.76%"
"12/22/2020","3,356.78","3,410.97","3,415.75","3,353.86","32.30B","-1.86%"
"12/21/2020","3,420.57","3,394.39","3,423.61","3,381.12","28.38B","0.76%"
"12/18/2020","3,394.90","3,400.49","3,413.81","3,382.75","28.10B","-0.29%"
"12/17/2020","3,404.87","3,367.28","3,406.15","3,354.01","27.55B","1.13%"
"12/16/2020","3,366.98","3,371.26","3,378.66","3,359.17","22.08B","-0.01%"
"12/15/2020","3,367.23","3,366.58","3,373.56","3,348.42","22.57B","-0.06%"
"12/14/2020","3,369.12","3,349.53","3,371.13","3,338.63","23.98B","0.66%"
"12/11/2020","3,347.19","3,381.01","3,383.18","3,325.17","29.86B","-0.77%"
"12/10/2020","3,373.28","3,365.73","3,384.89","3,357.75","24.73B","0.04%"
"12/09/2020","3,371.96","3,416.08","3,422.54","3,371.92","26.07B","-1.12%"
"12/08/2020","3,410.18","3,417.69","3,428.66","3,403.03","22.69B","-0.19%"
"12/07/2020","3,416.60","3,446.65","3,449.58","3,414.31","25.45B","-0.81%"
"12/04/2020","3,444.58","3,436.73","3,448.40","3,417.05","25.63B","0.07%"
"12/03/2020","3,442.14","3,448.54","3,452.16","3,428.80","29.85B","-0.21%"
"12/02/2020","3,449.38","3,453.52","3,465.73","3,435.87","31.28B","-0.07%"
"12/01/2020","3,451.94","3,388.99","3,457.64","3,386.91","31.62B","1.77%"
"11/30/2020","3,391.76","3,418.16","3,456.74","3,391.76","38.50B","-0.49%"
"11/27/2020","3,408.31","3,373.84","3,408.31","3,364.49","28.06B","1.14%"
"11/26/2020","3,369.73","3,360.06","3,371.45","3,344.28","25.59B","0.22%"
"11/25/2020","3,362.33","3,417.51","3,423.49","3,362.33","32.21B","-1.19%"
"11/24/2020","3,402.82","3,407.41","3,413.93","3,396.24","30.10B","-0.34%"
"11/23/2020","3,414.49","3,384.10","3,431.65","3,377.99","37.39B","1.09%"
"11/20/2020","3,377.73","3,359.60","3,380.15","3,356.31","26.13B","0.44%"
"11/19/2020","3,363.09","3,339.09","3,367.33","3,330.45","25.33B","0.47%"
"11/18/2020","3,347.30","3,337.33","3,358.89","3,333.99","28.75B","0.22%"
"11/17/2020","3,339.90","3,347.15","3,347.70","3,323.95","28.36B","-0.21%"
"11/16/2020","3,346.97","3,325.62","3,346.97","3,313.65","27.96B","1.11%"
"11/13/2020","3,310.10","3,327.23","3,327.23","3,291.64","22.79B","-0.86%"
"11/12/2020","3,338.68","3,344.46","3,350.28","3,329.49","21.65B","-0.11%"
"11/11/2020","3,342.20","3,354.02","3,365.84","3,339.04","27.12B","-0.53%"
"11/10/2020","3,360.15","3,387.62","3,387.62","3,346.17","27.87B","-0.40%"
"11/09/2020","3,373.73","3,329.43","3,380.82","3,329.43","31.02B","1.86%"
"11/06/2020","3,312.16","3,326.46","3,326.46","3,292.15","23.49B","-0.24%"
"11/05/2020","3,320.13","3,305.58","3,320.41","3,291.60","22.68B","1.30%"
"11/04/2020","3,277.44","3,273.43","3,286.62","3,254.11","18.85B","0.19%"
"11/03/2020","3,271.07","3,239.81","3,278.38","3,237.85","21.53B","1.42%"
"11/02/2020","3,225.12","3,228.72","3,242.80","3,209.91","22.68B","0.02%"
"10/30/2020","3,224.53","3,278.63","3,279.86","3,219.42","23.02B","-1.47%"
"10/29/2020","3,272.73","3,235.76","3,289.77","3,231.12","18.47B","0.11%"
"10/28/2020","3,269.24","3,256.22","3,275.87","3,238.38","17.32B","0.46%"
"10/27/2020","3,254.32","3,240.74","3,258.34","3,235.54","14.91B","0.10%"
"10/26/2020","3,251.12","3,258.70","3,264.45","3,226.60","16.77B","-0.82%"
"10/23/2020","3,278.00","3,308.16","3,326.05","3,276.62","17.42B","-1.04%"
"10/22/2020","3,312.50","3,315.82","3,320.88","3,281.37","16.60B","-0.38%"
"10/21/2020","3,325.02","3,332.15","3,332.15","3,304.17","17.76B","-0.09%"
"10/20/2020","3,328.10","3,307.15","3,328.10","3,293.77","16.51B","0.47%"
"10/19/2020","3,312.67","3,351.10","3,371.09","3,307.84","21.23B","-0.71%"
"10/16/2020","3,336.36","3,334.46","3,348.95","3,319.11","19.43B","0.13%"
"10/15/2020","3,332.18","3,342.92","3,354.58","3,330.00","19.10B","-0.26%"
"10/14/2020","3,340.78","3,353.62","3,353.62","3,332.96","19.87B","-0.56%"
"10/13/2020","3,359.75","3,353.12","3,361.83","3,334.50","20.49B","0.04%"
"10/12/2020","3,358.47","3,287.33","3,359.15","3,286.11","25.96B","2.64%"
"10/09/2020","3,272.08","3,262.61","3,280.51","3,260.19","18.83B","1.68%"
"09/30/2020","3,218.05","3,232.71","3,244.91","3,202.34","15.35B","-0.20%"
"09/29/2020","3,224.36","3,231.85","3,242.79","3,219.79","15.13B","0.21%"
"09/28/2020","3,217.53","3,224.98","3,238.18","3,210.89","15.60B","-0.06%"
"09/25/2020","3,219.42","3,234.37","3,239.47","3,208.03","16.48B","-0.12%"
"09/24/2020","3,223.18","3,262.88","3,265.35","3,221.24","20.67B","-1.72%"
"09/23/2020","3,279.71","3,278.84","3,289.76","3,264.89","16.92B","0.17%"
"09/22/2020","3,274.30","3,290.67","3,320.23","3,265.70","21.40B","-1.29%"
"09/21/2020","3,316.94","3,348.90","3,350.59","3,313.07","21.65B","-0.63%"
"09/18/2020","3,338.09","3,270.91","3,338.32","3,268.53","25.63B","2.07%"
"09/17/2020","3,270.44","3,277.32","3,290.41","3,248.50","20.29B","-0.41%"
"09/16/2020","3,283.92","3,293.17","3,302.46","3,271.07","20.04B","-0.36%"
"09/15/2020","3,295.68","3,277.13","3,297.69","3,263.75","19.77B","0.51%"
"09/14/2020","3,278.81","3,275.92","3,283.53","3,261.15","21.39B","0.57%"
"09/11/2020","3,260.35","3,225.78","3,262.50","3,220.54","22.17B","0.79%"
"09/10/2020","3,234.82","3,282.23","3,285.47","3,227.64","31.25B","-0.61%"
"09/09/2020","3,254.63","3,281.00","3,289.61","3,238.56","35.15B","-1.86%"
"09/08/2020","3,316.42","3,301.22","3,324.39","3,276.44","27.11B","0.72%"
"09/07/2020","3,292.59","3,349.92","3,368.24","3,285.63","26.06B","-1.87%"
"09/04/2020","3,355.37","3,336.41","3,360.11","3,328.55","22.16B","-0.87%"
"09/03/2020","3,384.98","3,404.03","3,425.63","3,374.26","25.53B","-0.58%"
"09/02/2020","3,404.80","3,420.47","3,421.40","3,377.21","26.15B","-0.17%"
"09/01/2020","3,410.61","3,389.74","3,410.61","3,381.71","24.70B","0.44%"
"08/31/2020","3,395.68","3,416.55","3,442.74","3,395.47","32.35B","-0.24%"
"08/28/2020","3,403.81","3,346.29","3,405.88","3,339.65","27.13B","1.60%"
"08/27/2020","3,350.11","3,333.49","3,351.83","3,312.99","23.71B","0.61%"
"08/26/2020","3,329.74","3,371.81","3,382.60","3,320.14","29.45B","-1.30%"
"08/25/2020","3,373.58","3,392.88","3,408.87","3,364.16","27.71B","-0.36%"
"08/24/2020","3,385.64","3,391.11","3,396.57","3,368.03","26.62B","0.15%"
"08/21/2020","3,380.68","3,380.23","3,393.92","3,358.00","28.75B","0.50%"
"08/20/2020","3,363.90","3,385.96","3,394.56","3,352.78","33.56B","-1.30%"
"08/19/2020","3,408.13","3,444.56","3,454.46","3,406.16","40.57B","-1.24%"
"08/18/2020","3,451.09","3,441.93","3,456.72","3,432.64","38.07B","0.36%"
"08/17/2020","3,438.80","3,373.90","3,450.90","3,369.37","43.46B","2.34%"
"08/14/2020","3,360.10","3,315.67","3,362.03","3,302.74","30.60B","1.19%"
"08/13/2020","3,320.73","3,328.18","3,338.15","3,309.46","32.43B","0.04%"
"08/12/2020","3,319.27","3,327.49","3,335.73","3,263.27","37.83B","-0.63%"
"08/11/2020","3,340.29","3,379.49","3,409.06","3,336.09","40.05B","-1.15%"
"08/10/2020","3,379.25","3,341.53","3,399.93","3,335.04","38.14B","0.75%"
"08/07/2020","3,354.04","3,370.59","3,374.13","3,307.71","40.39B","-0.96%"
"08/06/2020","3,386.46","3,380.76","3,392.70","3,334.33","41.53B","0.26%"
"08/05/2020","3,377.56","3,363.33","3,383.64","3,333.88","38.58B","0.17%"
"08/04/2020","3,371.69","3,376.44","3,391.07","3,352.50","44.23B","0.11%"
"08/03/2020","3,367.97","3,332.18","3,368.10","3,327.68","40.75B","1.75%"
"07/31/2020","3,310.01","3,280.80","3,333.79","3,261.61","35.38B","0.71%"
"07/30/2020","3,286.82","3,299.57","3,312.45","3,282.16","34.07B","-0.23%"
"07/29/2020","3,294.55","3,221.99","3,294.55","3,209.99","32.49B","2.06%"
"07/28/2020","3,227.96","3,226.13","3,245.30","3,208.49","28.94B","0.71%"
"07/27/2020","3,205.23","3,210.39","3,221.98","3,174.66","29.93B","0.26%"
"07/24/2020","3,196.77","3,310.64","3,319.13","3,184.96","42.71B","-3.86%"
"07/23/2020","3,325.11","3,306.15","3,336.30","3,257.83","40.70B","-0.24%"
"07/22/2020","3,333.16","3,315.18","3,381.98","3,311.79","39.33B","0.37%"
"07/21/2020","3,320.89","3,330.55","3,336.68","3,300.57","35.93B","0.20%"
"07/20/2020","3,314.15","3,243.91","3,314.15","3,220.68","41.86B","3.11%"
"07/17/2020","3,214.13","3,214.40","3,252.78","3,181.27","35.97B","0.13%"
"07/16/2020","3,210.10","3,356.36","3,373.53","3,209.73","49.06B","-4.50%"
"07/15/2020","3,361.30","3,422.08","3,432.45","3,345.75","49.20B","-1.56%"
"07/14/2020","3,414.62","3,435.02","3,451.22","3,366.08","54.32B","-0.83%"
"07/13/2020","3,443.29","3,379.39","3,458.79","3,369.04","55.80B","1.77%"
"07/10/2020","3,383.32","3,418.93","3,433.11","3,372.51","55.61B","-1.95%"
"07/09/2020","3,450.59","3,403.48","3,456.97","3,393.64","62.00B","1.39%"
"07/08/2020","3,403.44","3,337.55","3,421.53","3,327.71","58.71B","1.74%"
"07/07/2020","3,345.34","3,380.95","3,407.08","3,336.24","65.78B","0.37%"
"07/06/2020","3,332.88","3,187.84","3,337.27","3,187.84","64.39B","5.71%"
"07/03/2020","3,152.81","3,104.00","3,152.81","3,104.00","45.88B","2.01%"
"07/02/2020","3,090.57","3,023.72","3,092.44","3,021.67","39.11B","2.13%"
"07/01/2020","3,025.98","2,991.18","3,026.19","2,984.98","27.33B","1.38%"
"06/30/2020","2,984.67","2,965.11","2,990.83","2,965.11","21.50B","0.78%"
"06/29/2020","2,961.52","2,973.08","2,977.91","2,951.77","22.06B","-0.61%"
"06/24/2020","2,979.55","2,972.98","2,982.94","2,971.22","21.32B","0.30%"
"06/23/2020","2,970.62","2,960.89","2,972.40","2,949.85","22.52B","0.18%"
"06/22/2020","2,965.27","2,966.90","2,983.44","2,959.03","26.79B","-0.08%"
"06/19/2020","2,967.63","2,938.79","2,973.32","2,935.82","26.43B","0.96%"
"06/18/2020","2,939.32","2,929.88","2,942.90","2,920.11","25.87B","0.12%"
"06/17/2020","2,935.87","2,932.67","2,936.62","2,919.04","23.47B","0.14%"
"06/16/2020","2,931.75","2,912.83","2,931.78","2,909.13","22.33B","1.44%"
"06/15/2020","2,890.03","2,908.28","2,922.54","2,890.03","24.32B","-1.02%"
"06/12/2020","2,919.74","2,876.80","2,930.26","2,872.62","23.60B","-0.04%"
"06/11/2020","2,920.90","2,939.79","2,952.65","2,912.19","23.37B","-0.78%"
"06/10/2020","2,943.75","2,951.28","2,951.33","2,934.84","20.79B","-0.42%"
"06/09/2020","2,956.11","2,939.54","2,957.12","2,932.94","20.90B","0.62%"
"06/08/2020","2,937.77","2,941.98","2,950.07","2,934.21","23.11B","0.24%"
"06/05/2020","2,930.80","2,923.19","2,930.80","2,909.12","21.74B","0.40%"
"06/04/2020","2,919.25","2,931.84","2,932.97","2,910.75","22.66B","-0.14%"
"06/03/2020","2,923.37","2,930.39","2,942.76","2,922.66","25.57B","0.07%"
"06/02/2020","2,921.40","2,916.32","2,926.36","2,909.13","25.61B","0.20%"
"06/01/2020","2,915.43","2,871.96","2,917.15","2,871.96","26.02B","2.21%"
"05/29/2020","2,852.35","2,835.58","2,855.38","2,829.63","20.68B","0.22%"
"05/28/2020","2,846.22","2,838.21","2,861.92","2,820.15","20.75B","0.33%"
"05/27/2020","2,836.80","2,847.32","2,849.00","2,831.93","19.81B","-0.34%"
"05/26/2020","2,846.55","2,827.90","2,848.34","2,825.90","17.46B","1.01%"
"05/25/2020","2,817.97","2,816.24","2,821.50","2,802.47","17.29B","0.15%"
"05/22/2020","2,813.77","2,863.05","2,863.05","2,808.02","20.91B","-1.89%"
"05/21/2020","2,867.92","2,890.72","2,891.52","2,864.21","20.35B","-0.55%"
"05/20/2020","2,883.74","2,896.47","2,896.47","2,876.18","21.05B","-0.51%"
"05/19/2020","2,898.58","2,897.69","2,900.22","2,887.58","19.72B","0.81%"
"05/18/2020","2,875.42","2,872.52","2,889.98","2,862.27","22.60B","0.24%"
"05/15/2020","2,868.46","2,880.71","2,884.22","2,863.37","18.90B","-0.07%"
"05/14/2020","2,870.34","2,887.06","2,887.06","2,869.18","19.78B","-0.96%"
"05/13/2020","2,898.05","2,882.96","2,900.26","2,875.54","18.51B","0.22%"
"05/12/2020","2,891.56","2,894.62","2,897.90","2,871.23","19.71B","-0.11%"
"05/11/2020","2,894.80","2,901.57","2,914.28","2,884.38","22.51B","-0.02%"
"05/08/2020","2,895.34","2,882.71","2,903.80","2,879.20","22.68B","0.83%"
"05/07/2020","2,871.52","2,876.47","2,882.02","2,864.58","22.67B","-0.23%"
"05/06/2020","2,878.14","2,831.63","2,879.26","2,830.65","24.98B","0.63%"
"04/30/2020","2,860.08","2,832.38","2,865.59","2,832.38","24.25B","1.33%"
"04/29/2020","2,822.44","2,801.38","2,831.76","2,800.74","20.21B","0.44%"
"04/28/2020","2,810.02","2,819.99","2,821.74","2,758.25","25.39B","-0.19%"
"04/27/2020","2,815.49","2,812.24","2,832.67","2,802.96","21.01B","0.25%"
"04/24/2020","2,808.53","2,834.94","2,834.94","2,802.50","23.52B","-1.06%"
"04/23/2020","2,838.50","2,850.51","2,853.64","2,835.90","24.88B","-0.19%"
"04/22/2020","2,843.98","2,814.07","2,843.98","2,808.48","21.73B","0.60%"
"04/21/2020","2,827.01","2,842.24","2,842.24","2,808.02","23.32B","-0.90%"
"04/20/2020","2,852.55","2,840.41","2,852.99","2,833.26","21.18B","0.50%"
"04/17/2020","2,838.49","2,835.56","2,854.96","2,830.02","24.57B","0.66%"
"04/16/2020","2,819.93","2,798.43","2,823.34","2,796.84","20.30B","0.31%"
"04/15/2020","2,811.17","2,826.66","2,829.75","2,808.70","20.56B","-0.57%"
"04/14/2020","2,827.28","2,794.80","2,827.30","2,789.43","20.27B","1.59%"
"04/13/2020","2,783.05","2,784.60","2,792.89","2,774.08","17.71B","-0.49%"
"04/10/2020","2,796.63","2,827.19","2,833.01","2,789.98","23.35B","-1.04%"
"04/09/2020","2,825.90","2,825.84","2,832.39","2,820.43","23.82B","0.37%"
"04/08/2020","2,815.37","2,805.92","2,823.21","2,800.30","24.35B","-0.19%"
"04/07/2020","2,820.76","2,806.97","2,823.28","2,801.84","27.02B","2.05%"
"04/03/2020","2,763.99","2,773.58","2,780.59","2,754.07","20.08B","-0.60%"
"04/02/2020","2,780.64","2,720.23","2,780.64","2,719.90","21.79B","1.69%"
"04/01/2020","2,734.52","2,743.54","2,773.36","2,731.08","21.73B","-0.57%"
"03/31/2020","2,750.30","2,767.31","2,771.17","2,743.12","21.86B","0.11%"
"03/30/2020","2,747.21","2,739.72","2,759.10","2,723.05","23.97B","-0.90%"
"03/27/2020","2,772.20","2,792.98","2,805.55","2,771.76","24.08B","0.26%"
"03/26/2020","2,764.91","2,761.90","2,788.50","2,753.43","23.41B","-0.60%"
"03/25/2020","2,781.59","2,775.30","2,788.64","2,757.80","27.31B","2.17%"
"03/24/2020","2,722.44","2,703.02","2,723.41","2,667.13","25.70B","2.34%"
"03/23/2020","2,660.17","2,677.59","2,703.33","2,656.50","24.98B","-3.11%"
"03/20/2020","2,745.62","2,727.02","2,751.90","2,702.49","25.20B","1.61%"
"03/19/2020","2,702.13","2,719.41","2,736.82","2,646.80","30.23B","-0.98%"
"03/18/2020","2,728.76","2,792.32","2,815.87","2,728.76","29.12B","-1.83%"
"03/17/2020","2,779.64","2,796.28","2,826.91","2,715.22","30.61B","-0.34%"
"03/16/2020","2,789.25","2,897.30","2,898.03","2,784.66","35.19B","-3.40%"
"03/13/2020","2,887.43","2,804.23","2,910.88","2,799.98","36.65B","-1.23%"
"03/12/2020","2,923.49","2,936.02","2,944.47","2,906.28","30.78B","-1.52%"
"03/11/2020","2,968.52","3,001.76","3,010.03","2,968.52","35.25B","-0.94%"
"03/10/2020","2,996.76","2,918.93","3,000.30","2,904.80","39.33B","1.82%"
"03/09/2020","2,943.29","2,987.18","2,989.21","2,940.71","41.46B","-3.01%"
"03/06/2020","3,034.51","3,039.94","3,052.44","3,029.46","36.21B","-1.21%"
"03/05/2020","3,071.68","3,036.15","3,074.26","3,022.93","44.54B","1.99%"
"03/04/2020","3,011.67","2,981.81","3,012.00","2,974.36","35.33B","0.63%"
"03/03/2020","2,992.90","3,006.89","3,026.84","2,976.62","41.01B","0.74%"
"03/02/2020","2,970.93","2,899.31","2,982.51","2,899.31","36.73B","3.15%"
"02/28/2020","2,880.30","2,924.64","2,948.13","2,878.54","40.12B","-3.71%"
"02/27/2020","2,991.33","2,992.49","3,009.46","2,980.48","35.05B","0.11%"
"02/26/2020","2,987.93","2,978.42","3,028.78","2,974.94","46.90B","-0.83%"
"02/25/2020","3,013.05","2,982.07","3,016.95","2,943.72","44.16B","-0.60%"
"02/24/2020","3,031.23","3,027.89","3,042.18","3,007.36","37.04B","-0.28%"
"02/21/2020","3,039.67","3,022.25","3,058.90","3,020.14","36.46B","0.31%"
"02/20/2020","3,030.15","2,981.88","3,031.37","2,968.45","34.57B","1.84%"
"02/19/2020","2,975.40","2,979.52","2,998.27","2,971.82","31.51B","-0.32%"
"02/18/2020","2,984.97","2,981.41","2,990.60","2,960.78","31.17B","0.05%"
"02/17/2020","2,983.62","2,924.99","2,983.64","2,924.99","31.32B","2.28%"
"02/14/2020","2,917.01","2,899.87","2,926.94","2,899.57","25.07B","0.38%"
"02/13/2020","2,906.07","2,927.14","2,935.41","2,901.24","27.48B","-0.71%"
"02/12/2020","2,926.90","2,895.56","2,926.90","2,892.42","24.87B","0.87%"
"02/11/2020","2,901.67","2,894.54","2,913.82","2,882.24","26.92B","0.39%"
"02/10/2020","2,890.49","2,860.50","2,891.85","2,851.05","29.49B","0.51%"
"02/07/2020","2,875.96","2,858.93","2,875.96","2,838.77","30.95B","0.33%"
"02/06/2020","2,866.51","2,826.89","2,876.59","2,807.61","31.64B","1.72%"
"02/05/2020","2,818.09","2,792.37","2,842.74","2,778.86","30.98B","1.25%"
"02/04/2020","2,783.29","2,685.27","2,786.16","2,685.27","36.40B","1.34%"
"02/03/2020","2,746.61","2,716.70","2,766.58","2,716.70","21.59B","-7.72%"
"01/23/2020","2,976.53","3,037.95","3,045.04","2,955.35","27.28B","-2.75%"
"01/22/2020","3,060.75","3,038.49","3,069.25","3,006.27","22.39B","0.28%"
"01/21/2020","3,052.14","3,085.79","3,085.79","3,051.23","23.48B","-1.41%"
"01/20/2020","3,095.79","3,082.11","3,096.31","3,070.48","21.05B","0.66%"
"01/17/2020","3,075.50","3,081.46","3,091.95","3,067.25","19.03B","0.05%"
"01/16/2020","3,074.08","3,095.73","3,096.37","3,070.88","20.34B","-0.52%"
"01/15/2020","3,090.04","3,103.17","3,107.94","3,082.04","20.23B","-0.54%"
"01/14/2020","3,106.82","3,120.67","3,127.17","3,105.60","23.00B","-0.28%"
"01/13/2020","3,115.57","3,091.49","3,115.57","3,075.38","21.06B","0.75%"
"01/10/2020","3,092.29","3,102.29","3,105.22","3,081.40","21.04B","-0.08%"
"01/09/2020","3,094.88","3,082.64","3,097.33","3,080.13","24.34B","0.91%"
"01/08/2020","3,066.89","3,094.24","3,094.24","3,059.13","29.79B","-1.22%"
"01/07/2020","3,104.80","3,085.49","3,105.45","3,084.33","27.66B","0.69%"
"01/06/2020","3,083.41","3,070.91","3,107.20","3,065.31","31.26B","-0.01%"
"01/03/2020","3,083.79","3,089.02","3,093.82","3,074.52","26.15B","-0.05%"
"01/02/2020","3,085.20","3,066.34","3,098.10","3,066.34","29.25B","1.15%"
"12/31/2019","3,050.12","3,036.39","3,051.68","3,030.51","21.74B","0.33%"
"12/30/2019","3,040.02","2,998.17","3,041.40","2,983.34","24.81B","1.16%"
"12/27/2019","3,005.04","3,006.85","3,036.11","3,003.63","24.71B","-0.08%"
"12/26/2019","3,007.35","2,981.25","3,007.35","2,980.40","18.24B","0.85%"
"12/25/2019","2,981.88","2,980.43","2,988.29","2,970.66","17.57B","-0.03%"
"12/24/2019","2,982.68","2,965.83","2,983.82","2,960.68","16.30B","0.67%"
"12/23/2019","2,962.75","2,999.04","3,009.34","2,960.43","20.57B","-1.40%"
"12/20/2019","3,004.94","3,019.64","3,027.48","3,002.26","21.51B","-0.40%"
"12/19/2019","3,017.07","3,017.15","3,021.42","3,007.99","20.86B","0.00%"
"12/18/2019","3,017.04","3,021.47","3,033.23","3,011.72","24.41B","-0.18%"
"12/17/2019","3,022.42","2,985.26","3,039.38","2,982.50","29.30B","1.27%"
"12/16/2019","2,984.39","2,970.97","2,984.64","2,958.71","21.19B","0.56%"
"12/13/2019","2,967.68","2,937.78","2,969.98","2,935.85","21.20B","1.78%"
"12/12/2019","2,915.70","2,926.34","2,926.34","2,913.48","15.18B","-0.30%"
"12/11/2019","2,924.42","2,922.60","2,928.26","2,915.00","16.55B","0.24%"
"12/10/2019","2,917.32","2,908.94","2,919.20","2,902.79","17.01B","0.10%"
"12/09/2019","2,914.48","2,914.46","2,919.59","2,905.25","16.08B","0.08%"
"12/06/2019","2,912.01","2,902.28","2,912.01","2,894.75","13.41B","0.43%"
"12/05/2019","2,899.47","2,886.52","2,902.00","2,885.08","14.32B","0.74%"
"12/04/2019","2,878.12","2,876.91","2,882.50","2,869.42","12.55B","-0.23%"
"12/03/2019","2,884.70","2,869.88","2,884.86","2,857.32","12.38B","0.31%"
"12/02/2019","2,875.81","2,874.45","2,888.89","2,870.24","12.88B","0.13%"
"11/29/2019","2,871.98","2,885.97","2,892.39","2,858.58","12.26B","-0.61%"
"11/28/2019","2,889.69","2,902.36","2,909.84","2,883.43","11.95B","-0.47%"
"11/27/2019","2,903.19","2,905.40","2,914.49","2,893.42","13.39B","-0.13%"
"11/26/2019","2,907.06","2,912.52","2,915.04","2,897.93","17.00B","0.03%"
"11/25/2019","2,906.17","2,885.61","2,906.61","2,880.65","17.86B","0.72%"
"11/22/2019","2,885.29","2,906.24","2,925.02","2,873.99","15.86B","-0.63%"
"11/21/2019","2,903.64","2,902.55","2,910.36","2,891.53","12.35B","-0.25%"
"11/20/2019","2,911.05","2,928.11","2,930.49","2,907.42","13.74B","-0.78%"
"11/19/2019","2,933.99","2,904.28","2,933.99","2,902.86","13.54B","0.85%"
"11/18/2019","2,909.20","2,889.55","2,911.38","2,884.09","12.44B","0.62%"
"11/15/2019","2,891.34","2,911.35","2,917.83","2,891.20","13.55B","-0.64%"
"11/14/2019","2,909.87","2,907.74","2,917.37","2,899.62","12.91B","0.16%"
"11/13/2019","2,905.24","2,913.02","2,913.86","2,893.97","12.98B","-0.33%"
"11/12/2019","2,914.82","2,913.00","2,918.30","2,891.51","12.97B","0.17%"
"11/11/2019","2,909.97","2,949.96","2,949.96","2,906.77","15.79B","-1.83%"
"11/08/2019","2,964.18","2,993.98","2,998.76","2,962.84","14.97B","-0.49%"
"11/07/2019","2,978.71","2,978.15","2,988.95","2,969.12","13.70B","0.00%"
"11/06/2019","2,978.60","2,992.04","2,995.56","2,969.72","16.53B","-0.43%"
"11/05/2019","2,991.56","2,977.70","3,008.31","2,968.03","17.99B","0.54%"
"11/04/2019","2,975.49","2,964.58","2,983.06","2,964.58","16.72B","0.58%"
"11/01/2019","2,958.20","2,924.34","2,959.83","2,917.15","15.99B","0.99%"
"10/31/2019","2,929.06","2,944.84","2,946.75","2,923.52","16.16B","-0.35%"
"10/30/2019","2,939.32","2,949.46","2,953.30","2,934.83","15.88B","-0.50%"
"10/29/2019","2,954.18","2,979.04","2,979.04","2,954.18","16.61B","-0.87%"
"10/28/2019","2,980.05","2,958.69","2,980.13","2,956.96","17.37B","0.85%"
"10/25/2019","2,954.93","2,940.47","2,958.24","2,920.52","13.69B","0.48%"
"10/24/2019","2,940.92","2,944.01","2,953.04","2,927.06","12.65B","-0.02%"
"10/23/2019","2,941.62","2,952.97","2,957.30","2,934.63","12.38B","-0.43%"
"10/22/2019","2,954.38","2,945.60","2,954.64","2,934.39","11.75B","0.50%"
"10/21/2019","2,939.62","2,933.90","2,940.32","2,917.69","13.25B","0.05%"
"10/18/2019","2,938.14","2,982.34","2,987.20","2,933.24","15.00B","-1.32%"
"10/17/2019","2,977.33","2,979.99","2,986.72","2,969.57","12.25B","-0.05%"
"10/16/2019","2,978.71","2,992.61","3,010.42","2,975.92","14.99B","-0.41%"
"10/15/2019","2,991.05","3,005.66","3,005.66","2,986.30","15.54B","-0.56%"
"10/14/2019","3,007.88","2,993.96","3,026.38","2,989.81","20.86B","1.15%"
"10/11/2019","2,973.66","2,954.82","2,980.79","2,943.01","16.12B","0.88%"
"10/10/2019","2,947.71","2,923.71","2,949.24","2,918.23","13.42B","0.78%"
"10/09/2019","2,924.86","2,902.08","2,924.86","2,891.54","13.04B","0.39%"
"10/08/2019","2,913.57","2,905.76","2,933.02","2,905.76","12.55B","0.29%"
"09/30/2019","2,905.19","2,927.92","2,936.48","2,905.19","11.66B","-0.92%"
"09/27/2019","2,932.17","2,929.49","2,939.08","2,920.93","13.29B","0.11%"
"09/26/2019","2,929.09","2,964.48","2,970.04","2,928.26","18.89B","-0.89%"
"09/25/2019","2,955.43","2,977.67","2,977.67","2,955.43","16.85B","-1.00%"
"09/24/2019","2,985.34","2,979.48","3,002.90","2,973.76","16.39B","0.28%"
"09/23/2019","2,977.08","2,998.40","2,998.40","2,960.83","16.81B","-0.98%"
"09/20/2019","3,006.45","3,004.81","3,011.34","2,996.19","18.21B","0.24%"
"09/19/2019","2,999.28","2,992.92","2,999.28","2,975.40","16.27B","0.46%"
"09/18/2019","2,985.66","2,984.08","2,996.40","2,982.40","16.80B","0.25%"
"09/17/2019","2,978.12","3,023.71","3,023.71","2,970.57","22.33B","-1.74%"
"09/16/2019","3,030.75","3,041.92","3,042.93","3,020.05","22.19B","-0.02%"
"09/12/2019","3,031.24","3,016.63","3,033.47","3,005.19","19.70B","0.75%"
"09/11/2019","3,008.81","3,029.93","3,030.56","3,004.22","22.98B","-0.41%"
"09/10/2019","3,021.20","3,027.41","3,027.41","3,005.38","24.00B","-0.12%"
"09/09/2019","3,024.74","3,023.78","3,026.24","3,005.69","24.34B","0.84%"
"09/06/2019","2,999.60","2,996.62","2,999.94","2,981.60","21.68B","0.46%"
"09/05/2019","2,985.86","2,972.66","3,015.84","2,972.66","30.54B","0.96%"
"09/04/2019","2,957.41","2,927.75","2,957.41","2,925.88","22.55B","0.93%"
"09/03/2019","2,930.15","2,925.94","2,930.15","2,915.20","18.90B","0.21%"
"09/02/2019","2,924.11","2,886.94","2,928.48","2,883.68","20.28B","1.31%"
"08/30/2019","2,886.24","2,907.38","2,914.58","2,874.10","19.40B","-0.16%"
"08/29/2019","2,890.92","2,896.00","2,898.60","2,878.59","17.86B","-0.10%"
"08/28/2019","2,893.76","2,901.63","2,905.44","2,887.01","18.31B","-0.29%"
"08/27/2019","2,902.19","2,879.52","2,919.64","2,879.41","20.81B","1.35%"
"08/26/2019","2,863.57","2,851.02","2,870.49","2,849.24","16.99B","-1.17%"
"08/23/2019","2,897.43","2,885.15","2,902.46","2,878.74","15.92B","0.49%"
"08/22/2019","2,883.44","2,887.66","2,888.50","2,867.55","14.92B","0.11%"
"08/21/2019","2,880.33","2,875.47","2,885.59","2,872.56","15.90B","0.01%"
"08/20/2019","2,880.00","2,879.08","2,892.08","2,875.00","18.97B","-0.11%"
"08/19/2019","2,883.10","2,835.52","2,883.10","2,829.85","21.45B","2.10%"
"08/16/2019","2,823.82","2,817.57","2,840.32","2,811.80","14.86B","0.28%"
"08/15/2019","2,815.80","2,762.34","2,815.90","2,756.83","15.28B","0.25%"
"08/14/2019","2,808.91","2,824.49","2,829.89","2,807.72","14.40B","0.42%"
"08/13/2019","2,797.26","2,798.05","2,802.04","2,790.61","13.09B","-0.63%"
"08/12/2019","2,814.99","2,781.98","2,814.99","2,776.62","13.16B","1.45%"
"08/09/2019","2,774.75","2,805.59","2,808.33","2,770.48","14.82B","-0.71%"
"08/08/2019","2,794.55","2,784.18","2,799.69","2,782.24","14.95B","0.93%"
"08/07/2019","2,768.68","2,789.02","2,792.69","2,768.68","15.77B","-0.32%"
"08/06/2019","2,777.56","2,776.99","2,787.42","2,733.92","23.11B","-1.56%"
"08/05/2019","2,821.50","2,854.58","2,863.69","2,821.50","16.74B","-1.62%"
"08/02/2019","2,867.84","2,861.33","2,872.47","2,851.44","18.49B","-1.41%"
"08/01/2019","2,908.77","2,920.85","2,927.34","2,901.75","14.24B","-0.81%"
"07/31/2019","2,932.51","2,944.40","2,944.40","2,926.49","14.11B","-0.67%"
"07/30/2019","2,952.34","2,946.26","2,965.63","2,946.26","14.83B","0.39%"
"07/29/2019","2,941.01","2,943.92","2,948.47","2,932.98","12.80B","-0.12%"
"07/26/2019","2,944.54","2,928.06","2,948.33","2,924.45","13.93B","0.24%"
"07/25/2019","2,937.36","2,923.19","2,937.36","2,916.15","14.57B","0.48%"
"07/24/2019","2,923.28","2,907.93","2,936.45","2,907.79","15.52B","0.80%"
"07/23/2019","2,899.94","2,886.90","2,901.36","2,883.05","12.93B","0.45%"
"07/22/2019","2,886.97","2,925.79","2,927.16","2,879.69","18.07B","-1.27%"
"07/19/2019","2,924.20","2,909.68","2,939.60","2,909.68","14.95B","0.79%"
"07/18/2019","2,901.18","2,921.74","2,921.74","2,901.18","14.99B","-1.04%"
"07/17/2019","2,931.69","2,933.02","2,942.07","2,924.46","14.96B","-0.20%"
"07/16/2019","2,937.62","2,938.64","2,944.82","2,931.29","13.18B","-0.16%"
"07/15/2019","2,942.19","2,921.55","2,955.00","2,886.70","16.76B","0.40%"
"07/12/2019","2,930.55","2,915.34","2,938.53","2,905.81","13.78B","0.44%"
"07/11/2019","2,917.76","2,928.06","2,945.80","2,907.89","14.37B","0.08%"
"07/10/2019","2,915.30","2,935.19","2,936.75","2,908.16","13.55B","-0.44%"
"07/09/2019","2,928.23","2,928.82","2,937.76","2,912.81","14.51B","-0.17%"
"07/08/2019","2,933.36","2,997.81","2,997.81","2,918.72","21.15B","-2.58%"
"07/05/2019","3,011.06","3,004.74","3,014.85","2,990.92","15.68B","0.19%"
"07/04/2019","3,005.25","3,015.68","3,024.50","2,991.91","19.44B","-0.33%"
"07/03/2019","3,015.26","3,031.83","3,031.83","3,006.32","21.23B","-0.94%"
"07/02/2019","3,043.94","3,042.58","3,048.48","3,033.78","21.45B","-0.03%"
"07/01/2019","3,044.90","3,024.62","3,045.37","3,014.69","25.08B","2.22%"
"06/28/2019","2,978.88","2,992.24","2,992.24","2,961.22","18.14B","-0.60%"
"06/27/2019","2,996.79","2,982.61","3,011.54","2,981.05","19.54B","0.69%"
"06/26/2019","2,976.28","2,964.62","2,986.91","2,958.46","17.44B","-0.19%"
"06/25/2019","2,982.07","3,004.91","3,004.91","2,948.99","24.37B","-0.87%"
"06/24/2019","3,008.15","3,004.29","3,012.83","2,994.42","21.05B","0.21%"
"06/21/2019","3,001.98","2,990.37","3,010.35","2,989.25","28.70B","0.50%"
"06/20/2019","2,987.12","2,917.33","2,997.39","2,915.09","29.10B","2.38%"
"06/19/2019","2,917.80","2,944.12","2,953.34","2,916.21","23.08B","0.96%"
"06/18/2019","2,890.16","2,891.09","2,898.33","2,874.31","14.77B","0.09%"
"06/17/2019","2,887.62","2,880.42","2,902.48","2,877.39","15.40B","0.20%"
"06/14/2019","2,881.97","2,913.00","2,924.32","2,879.66","21.54B","-0.99%"
"06/13/2019","2,910.74","2,905.29","2,918.42","2,885.92","21.30B","0.05%"
"06/12/2019","2,909.38","2,917.22","2,924.70","2,903.88","24.03B","-0.56%"
"06/11/2019","2,925.72","2,854.07","2,927.43","2,854.07","26.05B","2.58%"
"06/10/2019","2,852.13","2,833.01","2,861.13","2,824.36","16.66B","0.86%"
"06/06/2019","2,827.80","2,862.33","2,862.33","2,822.19","17.71B","-1.17%"
"06/05/2019","2,861.42","2,882.94","2,888.77","2,858.57","18.16B","-0.03%"
"06/04/2019","2,862.28","2,887.64","2,888.39","2,851.97","18.85B","-0.96%"
"06/03/2019","2,890.08","2,901.74","2,920.83","2,875.90","21.59B","-0.30%"
"05/31/2019","2,898.70","2,904.50","2,922.91","2,895.58","19.52B","-0.24%"
"05/30/2019","2,905.81","2,903.42","2,907.85","2,881.38","20.58B","-0.31%"
"05/29/2019","2,914.70","2,894.83","2,934.98","2,890.66","19.90B","0.16%"
"05/28/2019","2,909.91","2,890.27","2,924.04","2,887.08","22.33B","0.61%"
"05/27/2019","2,892.38","2,851.28","2,898.13","2,833.04","19.67B","1.38%"
"05/24/2019","2,852.99","2,847.84","2,871.86","2,846.02","16.72B","0.02%"
"05/23/2019","2,852.52","2,880.84","2,885.14","2,846.96","19.73B","-1.35%"
"05/22/2019","2,891.70","2,905.52","2,912.40","2,879.64","20.00B","-0.49%"
"05/21/2019","2,905.97","2,867.71","2,919.24","2,862.50","21.14B","1.23%"
"05/20/2019","2,870.60","2,874.80","2,882.63","2,838.45","20.95B","-0.41%"
"05/17/2019","2,882.30","2,955.77","2,956.78","2,873.80","26.63B","-2.48%"
"05/16/2019","2,955.71","2,933.50","2,956.17","2,929.06","24.84B","0.58%"
"05/15/2019","2,938.68","2,902.64","2,945.39","2,902.64","23.05B","1.91%"
"05/14/2019","2,883.61","2,872.83","2,909.20","2,872.83","20.83B","-0.69%"
"05/13/2019","2,903.71","2,905.07","2,921.41","2,892.17","21.20B","-1.21%"
"05/10/2019","2,939.21","2,878.23","2,941.45","2,838.38","28.23B","3.10%"
"05/09/2019","2,850.95","2,871.20","2,888.86","2,845.04","20.00B","-1.48%"
"05/08/2019","2,893.76","2,873.14","2,929.43","2,866.70","23.15B","-1.12%"
"05/07/2019","2,926.39","2,914.29","2,937.28","2,889.07","25.33B","0.69%"
"05/06/2019","2,906.46","2,984.73","2,986.54","2,876.47","32.70B","-5.58%"
"04/30/2019","3,078.34","3,052.62","3,088.41","3,052.62","22.23B","0.52%"
"04/29/2019","3,062.50","3,090.63","3,107.76","3,050.03","29.21B","-0.77%"
"04/26/2019","3,086.40","3,108.16","3,129.21","3,085.80","28.09B","-1.20%"
"04/25/2019","3,123.83","3,190.59","3,193.75","3,123.03","32.59B","-2.43%"
"04/24/2019","3,201.61","3,203.56","3,210.65","3,156.61","27.49B","0.09%"
"04/23/2019","3,198.59","3,211.87","3,231.58","3,186.76","32.84B","-0.51%"
"04/22/2019","3,215.04","3,278.49","3,279.49","3,206.88","35.32B","-1.70%"
"04/19/2019","3,270.80","3,250.15","3,274.33","3,226.81","31.52B","0.63%"
"04/18/2019","3,250.20","3,261.07","3,271.39","3,241.83","32.55B","-0.40%"
"04/17/2019","3,263.12","3,250.15","3,275.33","3,239.80","35.75B","0.29%"
"04/16/2019","3,253.60","3,164.40","3,253.60","3,153.21","35.79B","2.39%"
"04/15/2019","3,177.79","3,233.46","3,253.98","3,177.27","34.88B","-0.34%"
"04/12/2019","3,188.63","3,184.86","3,199.28","3,168.04","28.98B","-0.04%"
"04/11/2019","3,189.96","3,241.55","3,254.13","3,185.55","35.30B","-1.60%"
"04/10/2019","3,241.93","3,224.65","3,264.78","3,204.88","38.01B","0.07%"
"04/09/2019","3,239.66","3,240.39","3,251.65","3,215.70","36.42B","-0.16%"
"04/08/2019","3,244.81","3,271.27","3,288.45","3,210.52","50.45B","-0.05%"
"04/04/2019","3,246.57","3,233.69","3,254.14","3,216.85","46.91B","0.94%"
"04/03/2019","3,216.30","3,159.15","3,219.26","3,152.33","43.05B","1.24%"
"04/02/2019","3,176.82","3,183.27","3,193.27","3,164.91","44.71B","0.20%"
"04/01/2019","3,170.36","3,111.66","3,176.62","3,111.66","46.61B","2.58%"
"03/29/2019","3,090.76","3,000.68","3,093.03","2,999.99","37.51B","3.20%"
"03/28/2019","2,994.94","3,009.80","3,025.78","2,991.78","28.81B","-0.92%"
"03/27/2019","3,022.72","3,012.26","3,022.76","2,987.77","29.14B","0.85%"
"03/26/2019","2,997.10","3,057.56","3,062.69","2,988.49","35.35B","-1.51%"
"03/25/2019","3,043.03","3,058.80","3,087.00","3,041.95","38.03B","-1.97%"
"03/22/2019","3,104.15","3,100.73","3,107.28","3,064.88","36.48B","0.09%"
"03/21/2019","3,101.45","3,094.12","3,125.02","3,086.85","41.43B","0.35%"
"03/20/2019","3,090.64","3,084.17","3,102.52","3,053.45","35.86B","-0.01%"
"03/19/2019","3,090.97","3,099.90","3,113.43","3,076.36","35.09B","-0.18%"
"03/18/2019","3,096.42","3,027.80","3,096.42","3,009.51","39.78B","2.47%"
"03/15/2019","3,021.75","3,000.88","3,048.12","2,999.43","34.12B","1.04%"
"03/14/2019","2,990.68","3,013.60","3,041.16","2,968.82","37.31B","-1.20%"
"03/13/2019","3,026.95","3,062.33","3,065.29","3,013.93","45.32B","-1.09%"
"03/12/2019","3,060.31","3,049.08","3,093.39","3,029.90","51.12B","1.10%"
"03/11/2019","3,026.99","2,969.08","3,028.25","2,963.58","42.62B","1.92%"
"03/08/2019","2,969.86","3,038.34","3,075.05","2,969.58","57.79B","-4.40%"
"03/07/2019","3,106.42","3,103.67","3,129.94","3,074.98","58.38B","0.14%"
"03/06/2019","3,102.10","3,060.43","3,103.83","3,050.11","55.50B","1.57%"
"03/05/2019","3,054.25","3,019.88","3,054.96","3,009.45","42.41B","0.88%"
"03/04/2019","3,027.58","3,015.94","3,090.80","3,006.94","52.56B","1.12%"
"03/01/2019","2,994.01","2,954.40","2,994.01","2,930.83","34.58B","1.80%"
"02/28/2019","2,940.95","2,950.05","2,965.30","2,930.20","35.02B","-0.44%"
"02/27/2019","2,953.82","2,939.93","2,997.49","2,924.64","47.50B","0.42%"
"02/26/2019","2,941.52","2,969.10","2,995.68","2,938.62","56.56B","-0.67%"
"02/25/2019","2,961.28","2,838.39","2,961.80","2,838.39","52.87B","5.60%"
"02/22/2019","2,804.23","2,749.46","2,804.23","2,736.33","30.15B","1.91%"
"02/21/2019","2,751.80","2,759.94","2,794.01","2,744.98","29.86B","-0.34%"
"02/20/2019","2,761.22","2,761.06","2,767.41","2,739.98","24.60B","0.20%"
"02/19/2019","2,755.65","2,759.50","2,780.78","2,737.59","28.80B","0.05%"
"02/18/2019","2,754.36","2,699.82","2,754.36","2,699.82","26.04B","2.68%"
"02/15/2019","2,682.39","2,712.79","2,715.63","2,679.78","19.60B","-1.37%"
"02/14/2019","2,719.70","2,715.54","2,729.45","2,707.49","19.70B","-0.05%"
"02/13/2019","2,721.07","2,674.52","2,727.07","2,666.52","24.38B","1.84%"
"02/12/2019","2,671.89","2,654.03","2,674.48","2,648.83","18.41B","0.68%"
"02/11/2019","2,653.90","2,613.17","2,654.10","2,613.17","15.49B","1.36%"
"02/01/2019","2,618.23","2,597.78","2,618.48","2,590.55","13.20B","1.30%"
"01/31/2019","2,584.57","2,581.33","2,606.63","2,571.58","15.43B","0.35%"
"01/30/2019","2,575.58","2,584.75","2,598.82","2,575.41","12.05B","-0.72%"
"01/29/2019","2,594.25","2,592.35","2,601.74","2,559.98","15.56B","-0.11%"
"01/28/2019","2,596.98","2,615.71","2,630.32","2,591.10","14.70B","-0.18%"
"01/25/2019","2,601.72","2,596.26","2,617.00","2,595.63","15.94B","0.39%"
"01/24/2019","2,591.69","2,584.65","2,597.29","2,569.70","15.40B","0.41%"
"01/23/2019","2,581.00","2,575.26","2,589.51","2,572.41","13.14B","0.05%"
"01/22/2019","2,579.70","2,609.64","2,609.64","2,573.06","15.25B","-1.18%"
"01/21/2019","2,610.51","2,599.06","2,618.98","2,599.06","16.34B","0.56%"
"01/18/2019","2,596.01","2,567.74","2,598.88","2,565.90","19.08B","1.42%"
"01/17/2019","2,559.64","2,573.58","2,582.56","2,557.71","16.25B","-0.42%"
"01/16/2019","2,570.42","2,569.07","2,574.24","2,563.01","14.93B","0.00%"
"01/15/2019","2,570.34","2,537.37","2,571.50","2,532.43","16.03B","1.36%"
"01/14/2019","2,535.77","2,553.33","2,556.29","2,533.01","14.48B","-0.71%"
"01/11/2019","2,553.83","2,539.55","2,554.79","2,533.36","14.94B","0.74%"
"01/10/2019","2,535.10","2,543.85","2,551.83","2,531.66","15.99B","-0.36%"
"01/09/2019","2,544.34","2,536.42","2,574.41","2,536.16","19.19B","0.71%"
"01/08/2019","2,526.46","2,530.30","2,531.34","2,520.16","15.81B","-0.26%"
"01/07/2019","2,533.09","2,528.70","2,536.98","2,515.51","17.73B","0.72%"
"01/04/2019","2,514.87","2,446.02","2,515.32","2,440.91","16.89B","2.05%"
"01/03/2019","2,464.36","2,461.78","2,488.48","2,455.93","12.44B","-0.04%"
"01/02/2019","2,465.29","2,497.88","2,500.28","2,456.42","10.99B","-1.15%"
"12/28/2018","2,493.90","2,483.62","2,505.11","2,478.32","11.92B","0.44%"
"12/27/2018","2,483.09","2,527.72","2,532.00","2,483.09","13.54B","-0.61%"
"12/26/2018","2,498.29","2,501.12","2,513.83","2,492.08","10.88B","-0.26%"
"12/25/2018","2,504.82","2,503.95","2,513.96","2,462.84","14.07B","-0.88%"
"12/24/2018","2,527.01","2,506.74","2,529.44","2,500.44","9.73B","0.43%"
"12/21/2018","2,516.25","2,526.55","2,527.42","2,498.69","11.57B","-0.79%"
"12/20/2018","2,536.27","2,544.51","2,554.86","2,516.02","12.06B","-0.52%"
"12/19/2018","2,549.56","2,578.68","2,579.87","2,547.08","10.77B","-1.05%"
"12/18/2018","2,576.65","2,583.63","2,599.15","2,563.57","11.70B","-0.82%"
"12/17/2018","2,597.97","2,587.26","2,598.97","2,573.87","11.74B","0.16%"
"12/14/2018","2,593.74","2,627.28","2,629.16","2,593.74","14.59B","-1.53%"
"12/13/2018","2,634.05","2,607.14","2,645.84","2,599.46","15.07B","1.23%"
"12/12/2018","2,602.15","2,608.11","2,610.01","2,595.07","10.35B","0.31%"
"12/11/2018","2,594.09","2,587.01","2,596.15","2,583.20","10.13B","0.37%"
"12/10/2018","2,584.58","2,589.19","2,599.76","2,576.24","11.32B","-0.82%"
"12/07/2018","2,605.89","2,609.34","2,614.58","2,599.28","10.91B","0.03%"
"12/06/2018","2,605.18","2,629.82","2,633.68","2,603.13","14.17B","-1.68%"
"12/05/2018","2,649.81","2,629.83","2,660.39","2,625.91","15.45B","-0.61%"
"12/04/2018","2,665.96","2,651.56","2,666.08","2,644.90","16.79B","0.42%"
"12/03/2018","2,654.80","2,647.13","2,665.30","2,629.18","20.75B","2.57%"
"11/30/2018","2,588.19","2,564.56","2,590.21","2,555.32","13.93B","0.81%"
"11/29/2018","2,567.44","2,613.78","2,617.55","2,567.44","15.72B","-1.32%"
"11/28/2018","2,601.74","2,575.45","2,601.96","2,561.56","14.60B","1.05%"
"11/27/2018","2,574.68","2,585.83","2,592.54","2,566.17","12.37B","-0.04%"
"11/26/2018","2,575.81","2,580.84","2,595.00","2,568.04","13.43B","-0.14%"
"11/23/2018","2,579.48","2,640.67","2,642.04","2,577.35","19.15B","-2.49%"
"11/22/2018","2,645.43","2,655.90","2,658.00","2,634.48","14.93B","-0.23%"
"11/21/2018","2,651.51","2,619.82","2,653.80","2,617.78","18.26B","0.21%"
"11/20/2018","2,645.85","2,684.29","2,690.83","2,643.36","21.59B","-2.13%"
"11/19/2018","2,703.51","2,681.90","2,703.51","2,674.18","23.17B","0.91%"
"11/16/2018","2,679.11","2,669.78","2,695.57","2,657.03","24.22B","0.41%"
"11/15/2018","2,668.17","2,632.14","2,668.17","2,631.89","20.78B","1.36%"
"11/14/2018","2,632.24","2,648.31","2,658.31","2,627.96","23.84B","-0.85%"
"11/13/2018","2,654.88","2,600.50","2,666.49","2,597.35","24.93B","0.93%"
"11/12/2018","2,630.52","2,593.20","2,631.17","2,590.21","17.50B","1.22%"
"11/09/2018","2,598.87","2,621.24","2,621.24","2,598.16","15.24B","-1.39%"
"11/08/2018","2,635.63","2,660.09","2,662.37","2,632.30","15.96B","-0.22%"
"11/07/2018","2,641.34","2,659.84","2,675.68","2,639.25","17.32B","-0.68%"
"11/06/2018","2,659.36","2,660.72","2,660.86","2,635.32","16.37B","-0.23%"
"11/05/2018","2,665.43","2,665.43","2,673.19","2,639.27","19.38B","-0.41%"
"11/02/2018","2,676.48","2,649.25","2,676.48","2,628.87","22.50B","2.70%"
"11/01/2018","2,606.24","2,617.03","2,636.80","2,603.65","20.09B","0.13%"
"10/31/2018","2,602.78","2,573.01","2,612.92","2,567.03","18.06B","1.35%"
"10/30/2018","2,568.05","2,538.57","2,586.92","2,521.78","16.67B","1.02%"
"10/29/2018","2,542.10","2,593.59","2,595.54","2,529.19","13.42B","-2.18%"
"10/26/2018","2,598.85","2,610.90","2,626.12","2,580.85","15.89B","-0.19%"
"10/25/2018","2,603.80","2,540.93","2,606.10","2,531.53","16.20B","0.02%"
"10/24/2018","2,603.30","2,579.97","2,640.40","2,577.77","16.01B","0.33%"
"10/23/2018","2,594.83","2,652.65","2,659.81","2,583.26","17.83B","-2.26%"
"10/22/2018","2,654.88","2,565.64","2,675.41","2,565.64","21.19B","4.09%"
"10/19/2018","2,550.47","2,460.08","2,553.39","2,449.20","14.73B","2.58%"
"10/18/2018","2,486.42","2,544.91","2,544.91","2,485.62","12.54B","-2.94%"
"10/17/2018","2,561.61","2,574.31","2,582.55","2,517.57","13.00B","0.60%"
"10/16/2018","2,546.33","2,567.76","2,597.72","2,536.44","11.94B","-0.85%"
"10/15/2018","2,568.10","2,605.91","2,611.97","2,564.74","11.86B","-1.49%"
"10/12/2018","2,606.91","2,574.04","2,615.92","2,536.67","17.01B","0.91%"
"10/11/2018","2,583.46","2,643.07","2,661.29","2,560.32","19.72B","-5.22%"
"10/10/2018","2,725.84","2,723.72","2,743.55","2,703.06","11.35B","0.18%"
"10/09/2018","2,721.01","2,713.73","2,734.31","2,711.20","11.68B","0.17%"
"10/08/2018","2,716.51","2,768.21","2,771.94","2,710.18","14.95B","-3.72%"
"09/28/2018","2,821.35","2,794.26","2,821.76","2,791.84","13.43B","1.06%"
"09/27/2018","2,791.77","2,805.79","2,810.51","2,786.32","12.40B","-0.54%"
"09/26/2018","2,806.81","2,785.32","2,827.34","2,783.34","13.96B","0.92%"
"09/25/2018","2,781.14","2,775.07","2,790.03","2,771.16","11.20B","-0.58%"
"09/21/2018","2,797.48","2,733.87","2,797.49","2,722.03","15.80B","2.50%"
"09/20/2018","2,729.24","2,732.17","2,743.96","2,724.08","11.14B","-0.06%"
"09/19/2018","2,730.85","2,694.80","2,746.08","2,690.99","14.16B","1.14%"
"09/18/2018","2,699.95","2,644.30","2,700.19","2,644.30","11.58B","1.82%"
"09/17/2018","2,651.79","2,671.29","2,671.29","2,647.92","8.82B","-1.11%"
"09/14/2018","2,681.64","2,688.78","2,694.92","2,675.29","10.00B","-0.18%"
"09/13/2018","2,686.58","2,679.21","2,689.06","2,653.19","10.73B","1.15%"
"09/12/2018","2,656.11","2,659.74","2,672.07","2,647.17","9.00B","-0.33%"
"09/11/2018","2,664.80","2,668.49","2,680.57","2,652.70","9.99B","-0.18%"
"09/10/2018","2,669.48","2,698.01","2,703.43","2,667.32","10.36B","-1.21%"
"09/07/2018","2,702.30","2,696.68","2,728.55","2,683.72","10.75B","0.40%"
"09/06/2018","2,691.59","2,697.58","2,719.41","2,683.74","9.90B","-0.47%"
"09/05/2018","2,704.34","2,741.38","2,745.47","2,704.34","10.50B","-1.68%"
"09/04/2018","2,750.58","2,720.65","2,756.61","2,712.38","10.90B","1.10%"
"09/03/2018","2,720.73","2,716.40","2,722.85","2,692.36","10.22B","-0.17%"
"08/31/2018","2,725.25","2,730.11","2,744.63","2,710.54","10.98B","-0.46%"
"08/30/2018","2,737.74","2,769.33","2,780.53","2,736.35","10.61B","-1.14%"
"08/29/2018","2,769.29","2,774.86","2,778.54","2,762.35","10.02B","-0.31%"
"08/28/2018","2,777.98","2,782.29","2,791.39","2,769.40","11.87B","-0.10%"
"08/27/2018","2,780.90","2,736.32","2,780.90","2,736.32","13.28B","1.89%"
"08/24/2018","2,729.43","2,717.08","2,748.82","2,705.32","10.05B","0.18%"
"08/23/2018","2,724.62","2,714.87","2,736.01","2,700.80","9.84B","0.37%"
"08/22/2018","2,714.61","2,731.96","2,731.96","2,709.06","9.37B","-0.70%"
"08/21/2018","2,733.83","2,700.34","2,739.17","2,696.29","11.36B","1.31%"
"08/20/2018","2,698.47","2,673.07","2,698.47","2,653.11","11.08B","1.11%"
"08/17/2018","2,668.97","2,723.89","2,730.33","2,665.59","11.24B","-1.34%"
"08/16/2018","2,705.19","2,691.43","2,732.95","2,672.74","12.03B","-0.66%"
"08/15/2018","2,723.26","2,777.25","2,777.70","2,721.24","11.62B","-2.07%"
"08/14/2018","2,780.96","2,780.74","2,789.44","2,766.57","10.96B","-0.18%"
"08/13/2018","2,785.87","2,769.02","2,789.80","2,742.56","12.75B","-0.34%"
"08/10/2018","2,795.31","2,791.40","2,806.11","2,777.51","12.15B","0.03%"
"08/09/2018","2,794.38","2,729.58","2,801.66","2,726.22","15.17B","1.83%"
"08/08/2018","2,744.07","2,771.13","2,779.91","2,741.07","14.77B","-1.27%"
"08/07/2018","2,779.37","2,711.74","2,779.37","2,696.04","14.96B","2.74%"
"08/06/2018","2,705.16","2,736.53","2,760.47","2,692.32","12.98B","-1.29%"
"08/03/2018","2,740.44","2,763.40","2,777.66","2,740.43","12.70B","-1.00%"
"08/02/2018","2,768.02","2,815.34","2,815.34","2,726.48","17.42B","-2.00%"
"08/01/2018","2,824.53","2,882.51","2,897.40","2,823.93","14.95B","-1.80%"
"07/31/2018","2,876.40","2,866.90","2,884.68","2,854.32","11.89B","0.26%"
"07/30/2018","2,869.05","2,871.94","2,896.01","2,850.30","15.17B","-0.16%"
"07/27/2018","2,873.59","2,879.69","2,889.69","2,864.11","14.64B","-0.30%"
"07/26/2018","2,882.23","2,905.79","2,915.30","2,875.70","16.84B","-0.74%"
"07/25/2018","2,903.65","2,911.45","2,912.31","2,894.04","16.78B","-0.07%"
"07/24/2018","2,905.56","2,862.27","2,911.46","2,862.27","22.96B","1.61%"
"07/23/2018","2,859.54","2,815.20","2,863.57","2,809.62","17.34B","1.07%"
"07/20/2018","2,829.27","2,769.75","2,837.86","2,753.84","14.59B","2.05%"
"07/19/2018","2,772.55","2,791.02","2,805.01","2,764.49","11.45B","-0.53%"
"07/18/2018","2,787.26","2,801.78","2,818.40","2,786.04","12.10B","-0.39%"
"07/17/2018","2,798.13","2,806.89","2,806.92","2,774.76","10.54B","-0.57%"
"07/16/2018","2,814.04","2,827.08","2,837.51","2,804.49","10.78B","-0.61%"
"07/13/2018","2,831.18","2,831.43","2,835.46","2,818.85","11.77B","-0.23%"
"07/12/2018","2,837.66","2,771.04","2,844.19","2,771.04","14.70B","2.16%"
"07/11/2018","2,777.77","2,780.70","2,794.36","2,752.43","12.68B","-1.76%"
"07/10/2018","2,827.63","2,819.71","2,828.49","2,800.63","11.71B","0.44%"
"07/09/2018","2,815.11","2,752.45","2,815.79","2,752.45","12.15B","2.47%"
"07/06/2018","2,747.23","2,731.35","2,768.87","2,691.02","13.63B","0.49%"
"07/05/2018","2,733.88","2,755.34","2,777.52","2,727.94","12.92B","-0.92%"
"07/04/2018","2,759.13","2,776.63","2,793.18","2,754.16","12.33B","-1.00%"
"07/03/2018","2,786.89","2,774.57","2,786.89","2,722.45","14.25B","0.41%"
"07/02/2018","2,775.56","2,841.58","2,845.68","2,756.82","13.70B","-2.52%"
"06/29/2018","2,847.42","2,789.81","2,848.37","2,782.38","12.57B","2.17%"
"06/28/2018","2,786.90","2,799.90","2,825.99","2,782.45","11.84B","-0.93%"
"06/27/2018","2,813.18","2,842.40","2,854.26","2,798.80","12.94B","-1.10%"
"06/26/2018","2,844.51","2,829.99","2,850.24","2,803.79","12.59B","-0.52%"
"06/25/2018","2,859.34","2,903.45","2,908.62","2,857.87","12.19B","-1.05%"
"06/22/2018","2,889.76","2,855.58","2,891.97","2,837.14","12.61B","0.49%"
"06/21/2018","2,875.81","2,912.00","2,940.59","2,872.62","15.44B","-1.37%"
"06/20/2018","2,915.73","2,889.98","2,925.56","2,872.16","14.43B","0.27%"
"06/19/2018","2,907.82","2,982.65","2,984.97","2,871.35","23.06B","-3.78%"
"06/15/2018","3,021.90","3,037.45","3,048.80","3,008.73","14.45B","-0.73%"
"06/14/2018","3,044.16","3,038.07","3,066.05","3,032.41","11.55B","-0.18%"
"06/13/2018","3,049.80","3,071.46","3,071.46","3,044.12","11.96B","-0.97%"
"06/12/2018","3,079.80","3,053.03","3,081.45","3,034.10","11.33B","0.89%"
"06/11/2018","3,052.78","3,057.34","3,063.61","3,037.91","10.86B","-0.47%"
"06/08/2018","3,067.15","3,100.60","3,100.68","3,053.29","13.47B","-1.36%"
"06/07/2018","3,109.50","3,121.18","3,128.72","3,105.58","12.78B","-0.18%"
"06/06/2018","3,115.18","3,109.17","3,117.53","3,103.53","12.02B","0.03%"
"06/05/2018","3,114.21","3,088.01","3,114.77","3,080.05","11.87B","0.74%"
"06/04/2018","3,091.19","3,083.43","3,098.40","3,076.99","11.46B","0.52%"
"06/01/2018","3,075.14","3,084.75","3,102.09","3,059.79","12.99B","-0.66%"
"05/31/2018","3,095.47","3,061.83","3,098.08","3,054.27","14.05B","1.78%"
"05/30/2018","3,041.44","3,081.14","3,085.40","3,041.00","15.51B","-2.53%"
"05/29/2018","3,120.46","3,129.62","3,143.21","3,112.15","13.57B","-0.47%"
"05/28/2018","3,135.08","3,136.81","3,149.66","3,115.96","12.88B","-0.20%"
"05/25/2018","3,141.30","3,148.41","3,156.73","3,131.07","12.86B","-0.42%"
"05/24/2018","3,154.65","3,167.94","3,173.53","3,152.07","12.41B","-0.45%"
"05/23/2018","3,168.96","3,205.44","3,205.44","3,168.96","15.78B","-1.41%"
"05/22/2018","3,214.35","3,211.25","3,214.59","3,192.23","14.43B","0.02%"
"05/21/2018","3,213.84","3,206.18","3,219.74","3,203.34","16.45B","0.64%"
"05/18/2018","3,193.30","3,151.08","3,193.45","3,144.78","13.65B","1.24%"
"05/17/2018","3,154.28","3,170.01","3,172.77","3,148.62","11.40B","-0.48%"
"05/16/2018","3,169.57","3,180.23","3,191.95","3,166.81","13.05B","-0.71%"
"05/15/2018","3,192.12","3,180.42","3,192.81","3,164.52","12.45B","0.57%"
"05/14/2018","3,174.03","3,167.04","3,183.82","3,163.48","12.93B","0.34%"
"05/11/2018","3,163.26","3,179.80","3,180.76","3,162.21","13.07B","-0.35%"
"05/10/2018","3,174.41","3,169.05","3,176.14","3,155.53","13.30B","0.48%"
"05/09/2018","3,159.15","3,160.14","3,165.37","3,145.66","12.26B","-0.07%"
"05/08/2018","3,161.50","3,135.30","3,169.70","3,134.06","14.69B","0.79%"
"05/07/2018","3,136.64","3,094.90","3,136.84","3,091.66","13.89B","1.48%"
"05/04/2018","3,091.03","3,093.12","3,104.09","3,086.78","11.87B","-0.32%"
"05/03/2018","3,100.86","3,074.52","3,105.66","3,056.16","14.00B","0.64%"
"05/02/2018","3,081.18","3,087.41","3,097.60","3,064.76","13.42B","-0.03%"
"04/27/2018","3,082.23","3,082.41","3,088.03","3,049.91","13.12B","0.23%"
"04/26/2018","3,075.03","3,119.50","3,121.93","3,067.93","13.40B","-1.38%"
"04/25/2018","3,117.97","3,112.40","3,122.91","3,107.00","12.73B","-0.35%"
"04/24/2018","3,128.93","3,069.75","3,136.04","3,069.75","16.23B","1.99%"
"04/23/2018","3,068.01","3,063.44","3,085.06","3,045.94","13.17B","-0.11%"
"04/20/2018","3,071.54","3,105.46","3,111.17","3,065.92","15.51B","-1.47%"
"04/19/2018","3,117.38","3,094.27","3,127.44","3,090.29","16.01B","0.84%"
"04/18/2018","3,091.40","3,091.91","3,096.89","3,041.62","15.93B","0.80%"
"04/17/2018","3,066.80","3,112.97","3,118.76","3,064.03","14.72B","-1.41%"
"04/16/2018","3,110.65","3,152.89","3,153.11","3,096.10","15.44B","-1.53%"
"04/13/2018","3,159.05","3,192.04","3,197.90","3,155.51","12.76B","-0.66%"
"04/12/2018","3,180.16","3,203.28","3,205.25","3,177.05","14.82B","-0.87%"
"04/11/2018","3,208.08","3,197.37","3,220.85","3,191.59","17.59B","0.56%"
"04/10/2018","3,190.32","3,144.26","3,190.65","3,139.08","16.82B","1.66%"
"04/09/2018","3,138.29","3,125.44","3,146.09","3,110.30","13.96B","0.23%"
"04/04/2018","3,131.11","3,147.05","3,163.34","3,128.87","14.70B","-0.18%"
"04/03/2018","3,136.63","3,130.01","3,144.33","3,119.13","15.22B","-0.84%"
"04/02/2018","3,163.18","3,169.78","3,192.34","3,159.99","17.77B","-0.18%"
"03/30/2018","3,168.90","3,161.79","3,177.72","3,152.89","15.46B","0.26%"
"03/29/2018","3,160.53","3,127.26","3,174.51","3,098.25","17.03B","1.22%"
"03/28/2018","3,122.29","3,130.57","3,165.21","3,117.53","16.35B","-1.40%"
"03/27/2018","3,166.65","3,164.80","3,172.78","3,143.57","18.91B","1.05%"
"03/26/2018","3,133.72","3,117.32","3,134.28","3,091.46","18.64B","-0.60%"
"03/23/2018","3,152.76","3,172.77","3,188.24","3,110.66","27.55B","-3.39%"
"03/22/2018","3,263.48","3,281.26","3,288.80","3,242.76","15.04B","-0.53%"
"03/21/2018","3,280.95","3,299.73","3,314.21","3,268.88","16.84B","-0.29%"
"03/20/2018","3,290.64","3,257.22","3,292.57","3,252.43","13.99B","0.35%"
"03/19/2018","3,279.25","3,264.93","3,280.57","3,251.05","13.80B","0.29%"
"03/16/2018","3,269.88","3,290.21","3,300.57","3,269.28","14.12B","-0.65%"
"03/15/2018","3,291.11","3,277.51","3,297.10","3,273.20","14.86B","-0.01%"
"03/14/2018","3,291.38","3,298.67","3,304.98","3,287.36","15.75B","-0.57%"
"03/13/2018","3,310.24","3,324.12","3,333.88","3,307.38","17.71B","-0.49%"
"03/12/2018","3,326.70","3,319.21","3,333.56","3,313.56","20.65B","0.59%"
"03/09/2018","3,307.17","3,291.43","3,309.72","3,283.56","16.84B","0.57%"
"03/08/2018","3,288.41","3,268.35","3,289.50","3,261.55","14.98B","0.51%"
"03/07/2018","3,271.67","3,288.86","3,308.41","3,264.76","16.87B","-0.55%"
"03/06/2018","3,289.64","3,266.49","3,290.25","3,243.65","19.54B","1.00%"
"03/05/2018","3,256.93","3,255.87","3,269.40","3,236.72","14.48B","0.07%"
"03/02/2018","3,254.53","3,248.45","3,269.94","3,242.27","15.09B","-0.59%"
"03/01/2018","3,273.75","3,235.09","3,280.15","3,228.58","15.91B","0.44%"
"02/28/2018","3,259.41","3,264.06","3,277.83","3,239.84","15.10B","-0.99%"
"02/27/2018","3,292.07","3,328.67","3,328.67","3,284.63","17.42B","-1.13%"
"02/26/2018","3,329.57","3,307.30","3,335.99","3,281.61","18.86B","1.23%"
"02/23/2018","3,289.02","3,275.43","3,294.13","3,258.49","14.58B","0.63%"
"02/22/2018","3,268.56","3,237.57","3,269.92","3,234.12","13.87B","2.17%"
"02/14/2018","3,199.16","3,188.25","3,203.50","3,171.38","10.03B","0.45%"
"02/13/2018","3,184.96","3,176.11","3,219.22","3,176.11","15.15B","0.98%"
"02/12/2018","3,154.13","3,128.37","3,168.13","3,113.61","15.33B","0.78%"
"02/09/2018","3,129.85","3,172.85","3,180.11","3,062.74","25.64B","-4.05%"
"02/08/2018","3,262.05","3,281.05","3,307.16","3,225.71","20.13B","-1.43%"
"02/07/2018","3,309.26","3,412.74","3,425.54","3,304.01","26.09B","-1.82%"
"02/06/2018","3,370.65","3,418.01","3,440.12","3,364.22","28.06B","-3.35%"
"02/05/2018","3,487.50","3,411.67","3,487.72","3,406.24","21.77B","0.73%"
"02/02/2018","3,462.08","3,419.22","3,463.16","3,388.86","20.81B","0.44%"
"02/01/2018","3,446.98","3,478.67","3,495.09","3,424.42","26.05B","-0.97%"
"01/31/2018","3,480.83","3,470.51","3,495.45","3,454.73","20.73B","-0.21%"
"01/30/2018","3,488.01","3,511.50","3,523.05","3,484.66","18.64B","-0.99%"
"01/29/2018","3,523.00","3,563.64","3,587.03","3,510.27","23.60B","-0.99%"
"01/26/2018","3,558.13","3,535.49","3,574.90","3,534.20","22.27B","0.28%"
"01/25/2018","3,548.31","3,555.17","3,571.48","3,528.03","24.34B","-0.31%"
"01/24/2018","3,559.47","3,553.48","3,569.49","3,527.11","25.30B","0.37%"
"01/23/2018","3,546.50","3,504.34","3,547.22","3,504.34","23.87B","1.29%"
"01/22/2018","3,501.36","3,476.99","3,503.39","3,475.67","21.75B","0.39%"
"01/19/2018","3,487.86","3,481.62","3,498.43","3,474.29","24.75B","0.38%"
"01/18/2018","3,474.75","3,449.88","3,476.55","3,448.79","22.00B","0.87%"
"01/17/2018","3,444.67","3,438.58","3,465.20","3,430.51","26.10B","0.24%"
"01/16/2018","3,436.59","3,403.47","3,437.58","3,401.96","21.15B","0.77%"
"01/15/2018","3,410.49","3,428.95","3,442.50","3,402.31","23.20B","-0.54%"
"01/12/2018","3,428.94","3,423.88","3,435.42","3,417.98","17.41B","0.11%"
"01/11/2018","3,425.34","3,415.59","3,426.48","3,405.64","17.38B","0.10%"
"01/10/2018","3,421.83","3,414.11","3,430.21","3,398.84","20.91B","0.23%"
"01/09/2018","3,413.90","3,406.11","3,417.23","3,403.59","19.15B","0.13%"
"01/08/2018","3,409.48","3,391.55","3,412.73","3,384.56","23.62B","0.52%"
"01/05/2018","3,391.75","3,386.46","3,402.07","3,380.24","21.31B","0.18%"
"01/04/2018","3,385.71","3,371.00","3,392.83","3,365.30","20.70B","0.49%"
"01/03/2018","3,369.11","3,347.74","3,379.92","3,345.29","21.38B","0.62%"
"01/02/2018","3,348.33","3,314.03","3,349.05","3,314.03","20.23B","1.24%"
"12/29/2017","3,307.17","3,295.25","3,308.22","3,292.77","14.16B","0.33%"
"12/28/2017","3,296.38","3,272.29","3,304.10","3,263.73","17.54B","0.63%"
"12/27/2017","3,275.78","3,302.46","3,307.08","3,270.35","16.27B","-0.92%"
"12/26/2017","3,306.12","3,277.84","3,307.30","3,274.33","14.24B","0.78%"
"12/25/2017","3,280.46","3,296.21","3,312.30","3,270.44","14.69B","-0.50%"
"12/22/2017","3,297.06","3,297.69","3,307.33","3,293.44","12.40B","-0.09%"
"12/21/2017","3,300.06","3,281.12","3,309.22","3,267.40","14.21B","0.38%"
"12/20/2017","3,287.61","3,296.74","3,300.21","3,276.12","13.77B","-0.27%"
"12/19/2017","3,296.54","3,266.02","3,296.94","3,266.02","11.51B","0.88%"
"12/18/2017","3,267.92","3,268.03","3,280.54","3,254.18","12.07B","0.05%"
"12/15/2017","3,266.14","3,287.53","3,287.53","3,259.39","13.09B","-0.80%"
"12/14/2017","3,292.44","3,302.93","3,309.53","3,282.57","12.05B","-0.32%"
"12/13/2017","3,303.04","3,278.40","3,304.01","3,273.32","11.20B","0.68%"
"12/12/2017","3,280.81","3,320.31","3,320.31","3,280.33","12.46B","-1.25%"
"12/11/2017","3,322.20","3,290.49","3,322.67","3,288.29","13.20B","0.98%"
"12/08/2017","3,289.99","3,264.48","3,297.13","3,258.76","13.32B","0.55%"
"12/07/2017","3,272.05","3,283.28","3,291.28","3,259.16","13.21B","-0.67%"
"12/06/2017","3,293.96","3,291.31","3,296.20","3,254.61","15.16B","-0.29%"
"12/05/2017","3,303.68","3,301.69","3,315.74","3,300.51","20.83B","-0.18%"
"12/04/2017","3,309.62","3,310.38","3,324.00","3,304.10","14.81B","-0.24%"
"12/01/2017","3,317.62","3,315.11","3,324.52","3,302.44","13.92B","0.01%"
"11/30/2017","3,317.19","3,328.64","3,340.92","3,306.28","15.66B","-0.62%"
"11/29/2017","3,337.86","3,335.57","3,343.06","3,305.57","18.38B","0.13%"
"11/28/2017","3,333.66","3,311.23","3,333.80","3,300.78","13.82B","0.34%"
"11/27/2017","3,322.23","3,346.66","3,347.05","3,315.26","16.64B","-0.94%"
"11/24/2017","3,353.82","3,340.38","3,360.75","3,328.33","15.96B","0.06%"
"11/23/2017","3,351.92","3,425.01","3,429.42","3,342.33","21.53B","-2.29%"
"11/22/2017","3,430.46","3,417.33","3,442.18","3,404.29","21.36B","0.59%"
"11/21/2017","3,410.50","3,382.36","3,419.80","3,377.60","19.69B","0.53%"
"11/20/2017","3,392.40","3,361.36","3,393.11","3,337.12","17.65B","0.28%"
"11/17/2017","3,382.91","3,392.68","3,403.29","3,373.30","24.95B","-0.48%"
"11/16/2017","3,399.25","3,393.19","3,409.65","3,390.59","15.67B","-0.10%"
"11/15/2017","3,402.52","3,416.21","3,423.75","3,396.38","16.88B","-0.79%"
"11/14/2017","3,429.55","3,446.55","3,450.49","3,419.69","19.65B","-0.53%"
"11/13/2017","3,447.84","3,435.18","3,449.16","3,435.08","20.54B","0.44%"
"11/10/2017","3,432.67","3,423.18","3,438.79","3,414.33","18.93B","0.14%"
"11/09/2017","3,427.79","3,410.67","3,428.77","3,408.62","15.86B","0.36%"
"11/08/2017","3,415.46","3,409.15","3,434.49","3,404.88","18.54B","0.06%"
"11/07/2017","3,413.57","3,389.47","3,415.15","3,387.95","19.06B","0.75%"
"11/06/2017","3,388.17","3,369.68","3,389.38","3,356.53","15.46B","0.49%"
"11/03/2017","3,371.74","3,377.74","3,380.57","3,347.36","17.27B","-0.34%"
"11/02/2017","3,383.31","3,391.65","3,391.65","3,372.21","16.69B","-0.37%"
"11/01/2017","3,395.91","3,393.97","3,410.35","3,388.60","18.06B","0.08%"
"10/31/2017","3,393.34","3,381.00","3,397.10","3,376.12","15.35B","0.09%"
"10/30/2017","3,390.34","3,413.87","3,419.73","3,357.28","20.83B","-0.77%"
"10/27/2017","3,416.81","3,404.50","3,421.10","3,402.11","17.03B","0.27%"
"10/26/2017","3,407.57","3,397.52","3,414.24","3,391.45","18.38B","0.31%"
"10/25/2017","3,396.90","3,384.86","3,398.30","3,382.03","12.31B","0.26%"
"10/24/2017","3,388.25","3,376.60","3,388.69","3,374.12","13.99B","0.22%"
"10/23/2017","3,380.70","3,382.28","3,385.29","3,374.70","13.08B","0.06%"
"10/20/2017","3,378.65","3,363.51","3,379.77","3,360.10","12.72B","0.25%"
"10/19/2017","3,370.17","3,374.64","3,378.74","3,359.63","15.85B","-0.34%"
"10/18/2017","3,381.79","3,373.53","3,383.23","3,371.92","15.72B","0.29%"
"10/17/2017","3,372.04","3,373.23","3,382.41","3,365.56","12.54B","-0.19%"
"10/16/2017","3,378.47","3,393.21","3,400.51","3,374.77","17.43B","-0.36%"
"10/13/2017","3,390.52","3,384.49","3,395.75","3,383.24","14.00B","0.13%"
"10/12/2017","3,386.10","3,385.53","3,390.20","3,372.53","16.18B","-0.06%"
"10/11/2017","3,388.28","3,381.49","3,395.78","3,379.16","18.15B","0.16%"
"10/10/2017","3,382.99","3,373.34","3,384.03","3,358.80","17.94B","0.26%"
"10/09/2017","3,374.38","3,403.25","3,410.17","3,366.97","19.17B","0.76%"